,time,pitch,word
0,0.0,,
1,0.01,,
2,0.02,,
3,0.03,,
4,0.04,,
5,0.05,,
6,0.06,,
7,0.07,,
8,0.08,,
9,0.09,,
10,0.1,,
11,0.11,,
12,0.12,,
13,0.13,,
14,0.14,,
15,0.15,,
16,0.16,,
17,0.17,,
18,0.18,,
19,0.19,,
20,0.2,,
21,0.21,,
22,0.22,,
23,0.23,,
24,0.24,,
25,0.25,,
26,0.26,,
27,0.27,,
28,0.28,,
29,0.29,,
30,0.3,,
31,0.31,,
32,0.32,,
33,0.33,,
34,0.34,,
35,0.35000000000000003,,
36,0.36,,
37,0.37,,
38,0.38,,
39,0.39,,
40,0.4,,
41,0.41000000000000003,,
42,0.42,,
43,0.43,,
44,0.44,,
45,0.45,,
46,0.46,,
47,0.47000000000000003,,
48,0.48,,
49,0.49,,
50,0.5,,
51,0.51,,
52,0.52,,
53,0.53,,
54,0.54,,
55,0.55,,
56,0.56,,
57,0.5700000000000001,,
58,0.58,,
59,0.59,,
60,0.6,,
61,0.61,,
62,0.62,,
63,0.63,,
64,0.64,,
65,0.65,,
66,0.66,,
67,0.67,,
68,0.68,,
69,0.6900000000000001,,
70,0.7000000000000001,,
71,0.71,,
72,0.72,,
73,0.73,,
74,0.74,,
75,0.75,,
76,0.76,,
77,0.77,,
78,0.78,,
79,0.79,,
80,0.8,,
81,0.81,,
82,0.8200000000000001,,
83,0.8300000000000001,,
84,0.84,,
85,0.85,,
86,0.86,,
87,0.87,,
88,0.88,,
89,0.89,,
90,0.9,,
91,0.91,,
92,0.92,,
93,0.93,,
94,0.9400000000000001,,
95,0.9500000000000001,,
96,0.96,,
97,0.97,,
98,0.98,,
99,0.99,,
100,1.0,,
101,1.01,,
102,1.02,,
103,1.03,,
104,1.04,,
105,1.05,,
106,1.06,,
107,1.07,,
108,1.08,,
109,1.09,,
110,1.1,,
111,1.11,,
112,1.12,,
113,1.1300000000000001,,
114,1.1400000000000001,,
115,1.1500000000000001,,
116,1.16,,
117,1.17,,
118,1.18,,
119,1.19,,
120,1.2,,
121,1.21,,
122,1.22,,
123,1.23,,
124,1.24,,
125,1.25,,
126,1.26,,
127,1.27,,
128,1.28,,
129,1.29,,
130,1.3,,
131,1.31,,
132,1.32,,
133,1.33,,
134,1.34,,
135,1.35,,
136,1.36,,
137,1.37,,
138,1.3800000000000001,,
139,1.3900000000000001,,
140,1.4000000000000001,,
141,1.41,,
142,1.42,,
143,1.43,,
144,1.44,,
145,1.45,,
146,1.46,,
147,1.47,,
148,1.48,,
149,1.49,,
150,1.5,,
151,1.51,,
152,1.52,,
153,1.53,,
154,1.54,,
155,1.55,,
156,1.56,,
157,1.57,,
158,1.58,,
159,1.59,,
160,1.6,,
161,1.61,,
162,1.62,,
163,1.6300000000000001,,
164,1.6400000000000001,,
165,1.6500000000000001,,
166,1.6600000000000001,,
167,1.67,,
168,1.68,,
169,1.69,,
170,1.7,,
171,1.71,,
172,1.72,,
173,1.73,,
174,1.74,,
175,1.75,,
176,1.76,,
177,1.77,,
178,1.78,,
179,1.79,,
180,1.8,,
181,1.81,,
182,1.82,,
183,1.83,,
184,1.84,,
185,1.85,,
186,1.86,,
187,1.87,,
188,1.8800000000000001,,
189,1.8900000000000001,,
190,1.9000000000000001,,
191,1.9100000000000001,,
192,1.92,,
193,1.93,,
194,1.94,,
195,1.95,,
196,1.96,,
197,1.97,,
198,1.98,,
199,1.99,557.00,
200,2.0,584.00,Fly
201,2.0100000000000002,618.00,
202,2.02,641.00,
203,2.0300000000000002,691.00,
204,2.04,774.00,
205,2.05,841.00,
206,2.06,878.00,
207,2.07,919.00,
208,2.08,946.00,
209,2.09,964.00,
210,2.1,982.00,
211,2.11,995.00,
212,2.12,1005.00,
213,2.13,1017.00,
214,2.14,1035.00,
215,2.15,1047.00,
216,2.16,1047.00,
217,2.17,1039.00,
218,2.18,1032.00,
219,2.19,1033.00,
220,2.2,1042.00,
221,2.21,1059.00,
222,2.22,1074.00,
223,2.23,1083.00,
224,2.24,1089.00,
225,2.25,1098.00,
226,2.2600000000000002,1109.00,
227,2.27,1122.00,
228,2.2800000000000002,1133.00,
229,2.29,1143.00,
230,2.3000000000000003,1146.00,
231,2.31,1146.00,
232,2.32,1145.00,
233,2.33,1144.00,
234,2.34,1142.00,
235,2.35,1143.00,
236,2.36,1151.00,
237,2.37,1163.00,
238,2.38,1173.00,
239,2.39,1177.00,
240,2.4,1174.00,
241,2.41,1169.00,
242,2.42,1164.00,
243,2.43,1160.00,
244,2.44,1157.00,
245,2.45,1149.00,
246,2.46,1139.00,
247,2.47,1123.00,
248,2.48,1105.00,
249,2.49,1082.00,
250,2.5,1059.00,
251,2.5100000000000002,1007.00,
252,2.52,983.00,
253,2.5300000000000002,1016.00,
254,2.54,1056.00,me
255,2.5500000000000003,1076.00,
256,2.56,1085.00,
257,2.57,1087.00,
258,2.58,1085.00,
259,2.59,1079.00,
260,2.6,1068.00,
261,2.61,1065.00,
262,2.62,1065.00,
263,2.63,1066.00,
264,2.64,1071.00,
265,2.65,1072.00,
266,2.66,1065.00,
267,2.67,1065.00,
268,2.68,1064.00,
269,2.69,1066.00,
270,2.7,1065.00,
271,2.71,1063.00,
272,2.72,1065.00,
273,2.73,1065.00,
274,2.74,1059.00,
275,2.75,1043.00,
276,2.7600000000000002,1053.00,
277,2.77,1073.00,
278,2.7800000000000002,1062.00,
279,2.79,1076.00,
280,2.8000000000000003,1097.00,
281,2.81,1103.00,
282,2.82,1109.00,
283,2.83,1087.00,
284,2.84,1064.00,
285,2.85,1069.00,
286,2.86,1080.00,
287,2.87,1089.00,
288,2.88,1081.00,
289,2.89,1064.00,
290,2.9,1057.00,
291,2.91,1057.00,
292,2.92,1067.00,to
293,2.93,1076.00,
294,2.94,1077.00,
295,2.95,1068.00,
296,2.96,1057.00,
297,2.97,1046.00,
298,2.98,1056.00,
299,2.99,1069.00,
300,3.0,1067.00,
301,3.0100000000000002,1059.00,
302,3.02,853.00,
303,3.0300000000000002,678.00,
304,3.04,675.00,
305,3.0500000000000003,688.00,
306,3.06,719.00,
307,3.0700000000000003,770.00,
308,3.08,807.00,
309,3.09,827.00,
310,3.1,838.00,
311,3.11,839.00,
312,3.12,832.00,
313,3.13,818.00,
314,3.14,809.00,
315,3.15,803.00,
316,3.16,806.00,
317,3.17,812.00,
318,3.18,821.00,
319,3.19,824.00,
320,3.2,828.00,
321,3.21,834.00,
322,3.22,846.00,
323,3.23,867.00,
324,3.24,894.00,
325,3.25,922.00,
326,3.2600000000000002,941.00,
327,3.27,944.00,
328,3.2800000000000002,935.00,
329,3.29,904.00,
330,3.3000000000000003,868.00,
331,3.31,838.00,
332,3.3200000000000003,814.00,
333,3.33,797.00,
334,3.34,791.00,
335,3.35,795.00,
336,3.36,810.00,
337,3.37,843.00,
338,3.38,885.00,
339,3.39,922.00,
340,3.4,941.00,
341,3.41,938.00,
342,3.42,900.00,
343,3.43,851.00,
344,3.44,815.00,
345,3.45,787.00,
346,3.46,756.00,
347,3.47,695.00,
348,3.48,623.00,
349,3.49,487.00,
350,3.5,490.00,
351,3.5100000000000002,549.00,
352,3.52,580.00,the
353,3.5300000000000002,589.00,
354,3.54,594.00,
355,3.5500000000000003,591.00,
356,3.56,584.00,
357,3.5700000000000003,580.00,
358,3.58,580.00,
359,3.59,580.00,
360,3.6,582.00,
361,3.61,587.00,
362,3.62,596.00,
363,3.63,602.00,
364,3.64,607.00,
365,3.65,609.00,
366,3.66,608.00,
367,3.67,605.00,
368,3.68,598.00,
369,3.69,592.00,
370,3.7,601.00,
371,3.71,638.00,
372,3.72,653.00,
373,3.73,650.00,
374,3.74,644.00,
375,3.75,638.00,
376,3.7600000000000002,637.00,
377,3.77,639.00,
378,3.7800000000000002,640.00,
379,3.79,643.00,
380,3.8000000000000003,642.00,
381,3.81,641.00,
382,3.8200000000000003,633.00,moon
383,3.83,628.00,
384,3.84,630.00,
385,3.85,628.00,
386,3.86,629.00,
387,3.87,632.00,
388,3.88,631.00,
389,3.89,630.00,
390,3.9,628.00,
391,3.91,624.00,
392,3.92,619.00,
393,3.93,608.00,
394,3.94,597.00,
395,3.95,584.00,
396,3.96,571.00,
397,3.97,549.00,
398,3.98,527.00,
399,3.99,504.00,
400,4.0,486.00,
401,4.01,461.00,
402,4.0200000000000005,432.00,
403,4.03,417.00,
404,4.04,413.00,
405,4.05,418.00,
406,4.0600000000000005,428.00,
407,4.07,438.00,
408,4.08,444.00,
409,4.09,443.00,
410,4.1,437.00,
411,4.11,421.00,
412,4.12,400.00,
413,4.13,379.00,
414,4.14,366.00,
415,4.15,361.00,
416,4.16,358.00,
417,4.17,358.00,
418,4.18,362.00,
419,4.19,365.00,
420,4.2,368.00,
421,4.21,376.00,
422,4.22,393.00,
423,4.23,415.00,
424,4.24,494.00,
425,4.25,541.00,
426,4.26,572.00,
427,4.2700000000000005,591.00,
428,4.28,588.00,
429,4.29,563.00,
430,4.3,514.00,
431,4.3100000000000005,478.00,
432,4.32,420.00,
433,4.33,295.00,
434,4.34,104.00,
435,4.3500000000000005,51.00,
436,4.36,27.00,
437,4.37,49.00,
438,4.38,137.00,
439,4.39,305.00,
440,4.4,459.00,
441,4.41,520.00,
442,4.42,549.00,
443,4.43,558.00,
444,4.44,560.00,
445,4.45,548.00,
446,4.46,508.00,
447,4.47,364.00,
448,4.48,160.00,
449,4.49,-18.00,
450,4.5,-83.00,
451,4.51,-103.00,
452,4.5200000000000005,-108.00,
453,4.53,-32.00,
454,4.54,121.00,
455,4.55,184.00,
456,4.5600000000000005,254.00,
457,4.57,359.00,
458,4.58,396.00,
459,4.59,411.00,
460,4.6000000000000005,400.00,
461,4.61,359.00,
462,4.62,,
463,4.63,,
464,4.64,,
465,4.65,,
466,4.66,,
467,4.67,,
468,4.68,,
469,4.69,,
470,4.7,,
471,4.71,,
472,4.72,,
473,4.73,,
474,4.74,,
475,4.75,,
476,4.76,,
477,4.7700000000000005,,
478,4.78,,
479,4.79,,
480,4.8,,
481,4.8100000000000005,,
482,4.82,,
483,4.83,,
484,4.84,,
485,4.8500000000000005,,
486,4.86,,
487,4.87,,
488,4.88,,
489,4.89,,
490,4.9,,
491,4.91,,
492,4.92,,
493,4.93,,
494,4.94,,
495,4.95,,
496,4.96,,
497,4.97,,
498,4.98,,
499,4.99,,
500,5.0,,
501,5.01,,
502,5.0200000000000005,,
503,5.03,,
504,5.04,,
505,5.05,,
506,5.0600000000000005,,
507,5.07,,
508,5.08,,
509,5.09,,
510,5.1000000000000005,,
511,5.11,,
512,5.12,,
513,5.13,,
514,5.14,,
515,5.15,,
516,5.16,,
517,5.17,,
518,5.18,,
519,5.19,,
520,5.2,,
521,5.21,,
522,5.22,,
523,5.23,,
524,5.24,,
525,5.25,,
526,5.26,,Let
527,5.2700000000000005,,
528,5.28,,
529,5.29,,
530,5.3,,
531,5.3100000000000005,,
532,5.32,,
533,5.33,,
534,5.34,,
535,5.3500000000000005,746.00,
536,5.36,853.00,
537,5.37,907.00,
538,5.38,993.00,
539,5.39,1067.00,
540,5.4,1112.00,
541,5.41,1137.00,
542,5.42,1143.00,
543,5.43,1143.00,
544,5.44,1137.00,
545,5.45,1127.00,
546,5.46,1114.00,
547,5.47,1090.00,
548,5.48,1055.00,me
549,5.49,1003.00,
550,5.5,1007.00,
551,5.51,992.00,
552,5.5200000000000005,971.00,
553,5.53,949.00,
554,5.54,936.00,
555,5.55,922.00,
556,5.5600000000000005,920.00,
557,5.57,921.00,
558,5.58,928.00,
559,5.59,935.00,
560,5.6000000000000005,940.00,
561,5.61,940.00,
562,5.62,937.00,
563,5.63,,
564,5.64,,
565,5.65,,
566,5.66,,
567,5.67,,
568,5.68,,
569,5.69,,
570,5.7,,
571,5.71,,
572,5.72,,
573,5.73,,
574,5.74,,
575,5.75,,
576,5.76,,
577,5.7700000000000005,,
578,5.78,,
579,5.79,511.00,
580,5.8,584.00,
581,5.8100000000000005,616.00,
582,5.82,665.00,
583,5.83,746.00,play
584,5.84,781.00,
585,5.8500000000000005,816.00,
586,5.86,851.00,
587,5.87,874.00,
588,5.88,883.00,
589,5.89,891.00,
590,5.9,898.00,
591,5.91,902.00,
592,5.92,907.00,
593,5.93,916.00,
594,5.94,930.00,
595,5.95,946.00,
596,5.96,957.00,
597,5.97,965.00,
598,5.98,966.00,
599,5.99,966.00,
600,6.0,967.00,
601,6.01,965.00,
602,6.0200000000000005,958.00,
603,6.03,949.00,
604,6.04,940.00,
605,6.05,936.00,
606,6.0600000000000005,933.00,
607,6.07,935.00,
608,6.08,940.00,
609,6.09,953.00,
610,6.1000000000000005,969.00,
611,6.11,987.00,
612,6.12,995.00,
613,6.13,998.00,
614,6.140000000000001,1001.00,
615,6.15,1007.00,
616,6.16,1010.00,
617,6.17,1016.00,
618,6.18,1023.00,
619,6.19,1031.00,
620,6.2,1035.00,
621,6.21,1040.00,
622,6.22,1043.00,
623,6.23,1048.00,
624,6.24,1054.00,
625,6.25,1058.00,
626,6.26,1060.00,
627,6.2700000000000005,1061.00,
628,6.28,1051.00,
629,6.29,1045.00,
630,6.3,1046.00,
631,6.3100000000000005,1056.00,
632,6.32,1071.00,
633,6.33,1085.00,
634,6.34,1091.00,
635,6.3500000000000005,1094.00,
636,6.36,1094.00,
637,6.37,1091.00,
638,6.38,1092.00,
639,6.390000000000001,1096.00,
640,6.4,1104.00,
641,6.41,1108.00,
642,6.42,1108.00,
643,6.43,1107.00,
644,6.44,1105.00,
645,6.45,1104.00,
646,6.46,1106.00,
647,6.47,1111.00,
648,6.48,1117.00,
649,6.49,1124.00,
650,6.5,1126.00,
651,6.51,1115.00,
652,6.5200000000000005,1102.00,
653,6.53,1091.00,
654,6.54,1080.00,
655,6.55,1071.00,
656,6.5600000000000005,1074.00,
657,6.57,1081.00,
658,6.58,1094.00,
659,6.59,1103.00,
660,6.6000000000000005,1109.00,
661,6.61,1112.00,
662,6.62,1113.00,
663,6.63,1112.00,
664,6.640000000000001,1109.00,
665,6.65,1106.00,
666,6.66,1100.00,
667,6.67,1091.00,
668,6.68,1073.00,
669,6.69,1055.00,
670,6.7,1041.00,
671,6.71,1034.00,
672,6.72,1043.00,
673,6.73,1067.00,
674,6.74,1089.00,
675,6.75,1109.00,
676,6.76,1125.00,
677,6.7700000000000005,1130.00,
678,6.78,1123.00,
679,6.79,1105.00,
680,6.8,1082.00,
681,6.8100000000000005,1045.00,
682,6.82,987.00,
683,6.83,919.00,
684,6.84,811.00,
685,6.8500000000000005,746.00,
686,6.86,690.00,
687,6.87,675.00,
688,6.88,675.00,among
689,6.890000000000001,684.00,
690,6.9,699.00,
691,6.91,714.00,
692,6.92,729.00,
693,6.93,743.00,
694,6.94,745.00,
695,6.95,730.00,
696,6.96,704.00,
697,6.97,675.00,
698,6.98,653.00,
699,6.99,639.00,
700,7.0,643.00,
701,7.01,672.00,
702,7.0200000000000005,698.00,
703,7.03,713.00,
704,7.04,730.00,
705,7.05,754.00,
706,7.0600000000000005,769.00,
707,7.07,771.00,
708,7.08,760.00,
709,7.09,737.00,
710,7.1000000000000005,707.00,
711,7.11,686.00,
712,7.12,664.00,
713,7.13,650.00,
714,7.140000000000001,637.00,
715,7.15,631.00,
716,7.16,632.00,
717,7.17,636.00,
718,7.18,640.00,
719,7.19,638.00,
720,7.2,634.00,
721,7.21,632.00,
722,7.22,628.00,
723,7.23,621.00,
724,7.24,618.00,
725,7.25,614.00,
726,7.26,625.00,
727,7.2700000000000005,636.00,
728,7.28,651.00,
729,7.29,678.00,
730,7.3,722.00,
731,7.3100000000000005,798.00,
732,7.32,857.00,
733,7.33,964.00,
734,7.34,1037.00,
735,7.3500000000000005,1091.00,
736,7.36,1119.00,
737,7.37,1124.00,
738,7.38,1115.00,
739,7.390000000000001,1096.00,
740,7.4,1070.00,
741,7.41,1032.00,
742,7.42,962.00,
743,7.43,922.00,
744,7.44,862.00,
745,7.45,820.00,
746,7.46,784.00,
747,7.47,723.00,
748,7.48,586.00,
749,7.49,474.00,
750,7.5,311.00,
751,7.51,237.00,the
752,7.5200000000000005,134.00,
753,7.53,100.00,
754,7.54,86.00,
755,7.55,69.00,
756,7.5600000000000005,43.00,
757,7.57,28.00,
758,7.58,30.00,
759,7.59,31.00,
760,7.6000000000000005,31.00,
761,7.61,9.00,
762,7.62,-35.00,
763,7.63,,
764,7.640000000000001,,
765,7.65,,
766,7.66,,
767,7.67,,
768,7.68,,
769,7.69,,
770,7.7,,
771,7.71,,
772,7.72,,
773,7.73,,
774,7.74,,
775,7.75,,
776,7.76,,
777,7.7700000000000005,,
778,7.78,,
779,7.79,,
780,7.8,,
781,7.8100000000000005,,
782,7.82,,
783,7.83,289.00,
784,7.84,271.00,stars
785,7.8500000000000005,249.00,
786,7.86,238.00,
787,7.87,245.00,
788,7.88,267.00,
789,7.890000000000001,288.00,
790,7.9,301.00,
791,7.91,305.00,
792,7.92,305.00,
793,7.930000000000001,300.00,
794,7.94,297.00,
795,7.95,295.00,
796,7.96,294.00,
797,7.97,292.00,
798,7.98,289.00,
799,7.99,283.00,
800,8.0,279.00,
801,8.01,276.00,
802,8.02,277.00,
803,8.03,282.00,
804,8.040000000000001,286.00,
805,8.05,290.00,
806,8.06,291.00,
807,8.07,296.00,
808,8.08,300.00,
809,8.09,306.00,
810,8.1,316.00,
811,8.11,332.00,
812,8.120000000000001,351.00,
813,8.13,369.00,
814,8.14,378.00,
815,8.15,378.00,
816,8.16,369.00,
817,8.17,343.00,
818,8.18,311.00,
819,8.19,276.00,
820,8.2,234.00,
821,8.21,203.00,
822,8.22,188.00,
823,8.23,186.00,
824,8.24,196.00,
825,8.25,226.00,
826,8.26,270.00,
827,8.27,337.00,
828,8.28,405.00,
829,8.290000000000001,491.00,
830,8.3,513.00,
831,8.31,508.00,
832,8.32,493.00,
833,8.33,468.00,
834,8.34,382.00,
835,8.35,309.00,
836,8.36,268.00,
837,8.370000000000001,194.00,
838,8.38,61.00,
839,8.39,18.00,
840,8.4,16.00,
841,8.41,41.00,
842,8.42,115.00,
843,8.43,268.00,
844,8.44,331.00,
845,8.45,379.00,
846,8.46,518.00,
847,8.47,544.00,
848,8.48,536.00,
849,8.49,518.00,
850,8.5,471.00,
851,8.51,307.00,
852,8.52,275.00,
853,8.53,105.00,
854,8.540000000000001,40.00,
855,8.55,-125.00,
856,8.56,-140.00,
857,8.57,-29.00,
858,8.58,146.00,
859,8.59,209.00,
860,8.6,263.00,
861,8.61,317.00,
862,8.620000000000001,391.00,
863,8.63,431.00,
864,8.64,431.00,
865,8.65,337.00,
866,8.66,290.00,
867,8.67,244.00,
868,8.68,128.00,
869,8.69,100.00,
870,8.700000000000001,97.00,
871,8.71,104.00,
872,8.72,129.00,
873,8.73,,
874,8.74,,
875,8.75,,
876,8.76,,
877,8.77,,
878,8.78,,
879,8.790000000000001,,
880,8.8,,
881,8.81,,
882,8.82,,
883,8.83,,
884,8.84,,
885,8.85,,
886,8.86,,
887,8.870000000000001,,
888,8.88,,
889,8.89,,
890,8.9,,
891,8.91,,
892,8.92,,
893,8.93,,
894,8.94,,
895,8.950000000000001,,
896,8.96,,
897,8.97,,
898,8.98,,
899,8.99,,
900,9.0,,
901,9.01,,
902,9.02,,
903,9.03,,
904,9.040000000000001,,
905,9.05,,
906,9.06,,
907,9.07,,
908,9.08,,
909,9.09,,
910,9.1,,
911,9.11,,
912,9.120000000000001,,
913,9.13,,
914,9.14,,
915,9.15,,
916,9.16,,
917,9.17,,
918,9.18,,
919,9.19,,
920,9.200000000000001,,
921,9.21,,
922,9.22,,
923,9.23,,
924,9.24,,
925,9.25,,
926,9.26,,
927,9.27,,
928,9.28,,
929,9.290000000000001,,
930,9.3,,
931,9.31,,
932,9.32,,
933,9.33,,
934,9.34,,
935,9.35,,
936,9.36,,
937,9.370000000000001,,
938,9.38,,
939,9.39,,
940,9.4,,
941,9.41,,
942,9.42,,
943,9.43,,
944,9.44,,
945,9.450000000000001,,
946,9.46,,
947,9.47,,
948,9.48,,
949,9.49,,
950,9.5,,
951,9.51,,
952,9.52,,
953,9.53,,
954,9.540000000000001,,
955,9.55,,
956,9.56,,
957,9.57,,
958,9.58,,
959,9.59,,
960,9.6,,
961,9.61,,
962,9.620000000000001,,
963,9.63,,
964,9.64,,
965,9.65,,
966,9.66,,
967,9.67,,
968,9.68,,
969,9.69,,
970,9.700000000000001,,
971,9.71,,
972,9.72,,
973,9.73,,
974,9.74,,
975,9.75,,
976,9.76,,
977,9.77,,
978,9.78,,
979,9.790000000000001,,
980,9.8,,
981,9.81,,
982,9.82,,
983,9.83,,
984,9.84,,
985,9.85,,
986,9.86,,
987,9.870000000000001,,
988,9.88,,
989,9.89,,
990,9.9,-478.00,
991,9.91,-470.00,Let
992,9.92,-456.00,
993,9.93,-436.00,
994,9.94,-401.00,
995,9.950000000000001,-374.00,
996,9.96,-341.00,
997,9.97,-308.00,
998,9.98,-238.00,
999,9.99,-82.00,
1000,10.0,-36.00,
1001,10.01,-13.00,
1002,10.02,53.00,
1003,10.03,181.00,
1004,10.040000000000001,273.00,
1005,10.05,413.00,
1006,10.06,550.00,
1007,10.07,578.00,
1008,10.08,633.00,
1009,10.09,718.00,
1010,10.1,791.00,
1011,10.11,826.00,
1012,10.120000000000001,853.00,
1013,10.13,873.00,
1014,10.14,891.00,
1015,10.15,908.00,
1016,10.16,921.00,
1017,10.17,930.00,
1018,10.18,941.00,
1019,10.19,951.00,
1020,10.200000000000001,931.00,
1021,10.21,921.00,
1022,10.22,,
1023,10.23,,
1024,10.24,,
1025,10.25,,
1026,10.26,,
1027,10.27,,
1028,10.28,,
1029,10.290000000000001,,
1030,10.3,,
1031,10.31,,
1032,10.32,,
1033,10.33,,me
1034,10.34,,
1035,10.35,411.00,
1036,10.36,439.00,
1037,10.370000000000001,481.00,
1038,10.38,540.00,
1039,10.39,583.00,
1040,10.4,608.00,
1041,10.41,627.00,
1042,10.42,644.00,
1043,10.43,652.00,
1044,10.44,647.00,
1045,10.450000000000001,628.00,
1046,10.46,604.00,
1047,10.47,590.00,
1048,10.48,584.00,
1049,10.49,581.00,
1050,10.5,569.00,
1051,10.51,555.00,
1052,10.52,531.00,
1053,10.53,508.00,
1054,10.540000000000001,480.00,
1055,10.55,,
1056,10.56,,
1057,10.57,,
1058,10.58,,
1059,10.59,,
1060,10.6,,
1061,10.61,,
1062,10.620000000000001,,
1063,10.63,,
1064,10.64,,
1065,10.65,,
1066,10.66,,
1067,10.67,,
1068,10.68,,
1069,10.69,588.00,
1070,10.700000000000001,575.00,
1071,10.71,564.00,
1072,10.72,561.00,
1073,10.73,569.00,see
1074,10.74,574.00,
1075,10.75,574.00,
1076,10.76,573.00,
1077,10.77,564.00,
1078,10.78,556.00,
1079,10.790000000000001,569.00,
1080,10.8,608.00,
1081,10.81,639.00,
1082,10.82,662.00,
1083,10.83,650.00,
1084,10.84,625.00,
1085,10.85,577.00,
1086,10.86,415.00,
1087,10.870000000000001,399.00,
1088,10.88,385.00,
1089,10.89,379.00,
1090,10.9,381.00,
1091,10.91,391.00,
1092,10.92,407.00,
1093,10.93,437.00,
1094,10.94,469.00,
1095,10.950000000000001,485.00,
1096,10.96,486.00,
1097,10.97,478.00,
1098,10.98,462.00,
1099,10.99,440.00,
1100,11.0,415.00,
1101,11.01,395.00,
1102,11.02,383.00,
1103,11.03,385.00,
1104,11.040000000000001,391.00,
1105,11.05,405.00,
1106,11.06,434.00,
1107,11.07,495.00,
1108,11.08,530.00,
1109,11.09,565.00,
1110,11.1,589.00,
1111,11.11,603.00,
1112,11.120000000000001,600.00,
1113,11.13,560.00,
1114,11.14,516.00,
1115,11.15,459.00,
1116,11.16,364.00,
1117,11.17,270.00,
1118,11.18,195.00,
1119,11.19,194.00,
1120,11.200000000000001,233.00,
1121,11.21,294.00,
1122,11.22,375.00,
1123,11.23,464.00,
1124,11.24,500.00,
1125,11.25,493.00,
1126,11.26,459.00,
1127,11.27,403.00,
1128,11.28,308.00,
1129,11.290000000000001,237.00,what
1130,11.3,90.00,
1131,11.31,-11.00,
1132,11.32,-91.00,
1133,11.33,-87.00,
1134,11.34,23.00,
1135,11.35,50.00,
1136,11.36,177.00,
1137,11.370000000000001,208.00,
1138,11.38,254.00,
1139,11.39,311.00,
1140,11.4,348.00,
1141,11.41,355.00,
1142,11.42,339.00,
1143,11.43,318.00,
1144,11.44,286.00,
1145,11.450000000000001,243.00,
1146,11.46,192.00,
1147,11.47,172.00,
1148,11.48,178.00,
1149,11.49,190.00,
1150,11.5,,
1151,11.51,,
1152,11.52,,
1153,11.53,,
1154,11.540000000000001,,
1155,11.55,,
1156,11.56,,
1157,11.57,,
1158,11.58,,
1159,11.59,,
1160,11.6,,
1161,11.61,,
1162,11.620000000000001,,
1163,11.63,,
1164,11.64,,
1165,11.65,,
1166,11.66,,spring
1167,11.67,,
1168,11.68,,
1169,11.69,,
1170,11.700000000000001,,
1171,11.71,,
1172,11.72,,
1173,11.73,,
1174,11.74,,
1175,11.75,,
1176,11.76,,
1177,11.77,,
1178,11.78,,
1179,11.790000000000001,,
1180,11.8,,
1181,11.81,,
1182,11.82,,
1183,11.83,,
1184,11.84,-9.00,
1185,11.85,11.00,
1186,11.86,29.00,
1187,11.870000000000001,51.00,
1188,11.88,71.00,
1189,11.89,85.00,
1190,11.9,88.00,
1191,11.91,87.00,
1192,11.92,85.00,
1193,11.93,88.00,
1194,11.94,88.00,
1195,11.950000000000001,89.00,
1196,11.96,91.00,
1197,11.97,98.00,
1198,11.98,110.00,
1199,11.99,123.00,
1200,12.0,133.00,
1201,12.01,132.00,
1202,12.02,130.00,
1203,12.030000000000001,124.00,
1204,12.040000000000001,128.00,
1205,12.05,140.00,
1206,12.06,162.00,
1207,12.07,186.00,
1208,12.08,197.00,
1209,12.09,190.00,
1210,12.1,167.00,
1211,12.11,125.00,
1212,12.120000000000001,98.00,
1213,12.13,79.00,
1214,12.14,53.00,
1215,12.15,26.00,
1216,12.16,17.00,
1217,12.17,34.00,
1218,12.18,75.00,
1219,12.19,110.00,
1220,12.200000000000001,182.00,
1221,12.21,247.00,
1222,12.22,312.00,
1223,12.23,333.00,
1224,12.24,325.00,
1225,12.25,302.00,
1226,12.26,264.00,
1227,12.27,155.00,
1228,12.280000000000001,98.00,is
1229,12.290000000000001,-74.00,
1230,12.3,-102.00,
1231,12.31,-110.00,
1232,12.32,-98.00,
1233,12.33,-70.00,
1234,12.34,-16.00,
1235,12.35,50.00,
1236,12.36,100.00,
1237,12.370000000000001,142.00,
1238,12.38,185.00,
1239,12.39,231.00,
1240,12.4,266.00,
1241,12.41,297.00,
1242,12.42,317.00,
1243,12.43,350.00,
1244,12.44,371.00,
1245,12.450000000000001,376.00,
1246,12.46,375.00,
1247,12.47,370.00,
1248,12.48,360.00,
1249,12.49,347.00,
1250,12.5,327.00,
1251,12.51,322.00,
1252,12.52,333.00,
1253,12.530000000000001,359.00,
1254,12.540000000000001,390.00,
1255,12.55,435.00,
1256,12.56,476.00,
1257,12.57,500.00,
1258,12.58,496.00,
1259,12.59,485.00,
1260,12.6,444.00,
1261,12.61,355.00,
1262,12.620000000000001,281.00,
1263,12.63,128.00,
1264,12.64,72.00,
1265,12.65,-26.00,
1266,12.66,-109.00,
1267,12.67,-148.00,
1268,12.68,-151.00,
1269,12.69,-138.00,
1270,12.700000000000001,-134.00,
1271,12.71,-141.00,
1272,12.72,-166.00,
1273,12.73,-196.00,
1274,12.74,-236.00,
1275,12.75,-225.00,
1276,12.76,-195.00,
1277,12.77,-148.00,
1278,12.780000000000001,-117.00,
1279,12.790000000000001,-86.00,
1280,12.8,-57.00,
1281,12.81,-14.00,like
1282,12.82,41.00,
1283,12.83,105.00,
1284,12.84,168.00,
1285,12.85,214.00,
1286,12.86,248.00,
1287,12.870000000000001,286.00,
1288,12.88,303.00,
1289,12.89,313.00,
1290,12.9,331.00,
1291,12.91,346.00,
1292,12.92,363.00,
1293,12.93,380.00,
1294,12.94,391.00,
1295,12.950000000000001,398.00,
1296,12.96,401.00,
1297,12.97,406.00,
1298,12.98,418.00,
1299,12.99,431.00,
1300,13.0,437.00,
1301,13.01,431.00,
1302,13.02,423.00,
1303,13.030000000000001,419.00,
1304,13.040000000000001,420.00,
1305,13.05,423.00,
1306,13.06,427.00,
1307,13.07,420.00,
1308,13.08,390.00,
1309,13.09,361.00,
1310,13.1,342.00,
1311,13.11,298.00,
1312,13.120000000000001,308.00,
1313,13.13,331.00,
1314,13.14,326.00,
1315,13.15,337.00,
1316,13.16,338.00,
1317,13.17,320.00,
1318,13.18,304.00,
1319,13.19,311.00,
1320,13.200000000000001,360.00,
1321,13.21,380.00,
1322,13.22,390.00,
1323,13.23,392.00,
1324,13.24,390.00,
1325,13.25,387.00,
1326,13.26,374.00,
1327,13.27,357.00,
1328,13.280000000000001,352.00,
1329,13.290000000000001,362.00,
1330,13.3,360.00,
1331,13.31,378.00,
1332,13.32,396.00,
1333,13.33,384.00,
1334,13.34,384.00,
1335,13.35,420.00,
1336,13.36,484.00,
1337,13.370000000000001,534.00,on
1338,13.38,564.00,
1339,13.39,577.00,
1340,13.4,577.00,
1341,13.41,570.00,
1342,13.42,567.00,
1343,13.43,570.00,
1344,13.44,573.00,
1345,13.450000000000001,580.00,
1346,13.46,601.00,
1347,13.47,648.00,
1348,13.48,674.00,
1349,13.49,686.00,
1350,13.5,683.00,
1351,13.51,674.00,
1352,13.52,670.00,
1353,13.530000000000001,667.00,
1354,13.540000000000001,671.00,
1355,13.55,679.00,
1356,13.56,688.00,
1357,13.57,695.00,
1358,13.58,703.00,
1359,13.59,717.00,
1360,13.6,742.00,
1361,13.61,769.00,
1362,13.620000000000001,792.00,
1363,13.63,808.00,
1364,13.64,825.00,
1365,13.65,836.00,
1366,13.66,836.00,
1367,13.67,843.00,
1368,13.68,855.00,
1369,13.69,881.00,
1370,13.700000000000001,894.00,
1371,13.71,892.00,
1372,13.72,875.00,
1373,13.73,865.00,
1374,13.74,866.00,
1375,13.75,873.00,
1376,13.76,883.00,
1377,13.77,882.00,
1378,13.780000000000001,859.00,
1379,13.790000000000001,810.00,
1380,13.8,775.00,
1381,13.81,658.00,
1382,13.82,605.00,
1383,13.83,475.00,
1384,13.84,432.00,
1385,13.85,379.00,
1386,13.86,607.00,
1387,13.870000000000001,822.00,
1388,13.88,840.00,
1389,13.89,830.00,
1390,13.9,801.00,
1391,13.91,771.00,
1392,13.92,757.00,
1393,13.93,720.00,
1394,13.94,687.00,
1395,13.950000000000001,679.00,
1396,13.96,699.00,
1397,13.97,694.00,
1398,13.98,709.00,
1399,13.99,804.00,
1400,14.0,821.00,
1401,14.01,814.00,
1402,14.02,796.00,
1403,14.030000000000001,802.00,
1404,14.040000000000001,807.00,
1405,14.05,785.00,
1406,14.06,774.00,
1407,14.07,798.00,
1408,14.08,806.00,
1409,14.09,803.00,
1410,14.1,801.00,
1411,14.11,802.00,
1412,14.120000000000001,797.00,
1413,14.13,788.00,
1414,14.14,789.00,
1415,14.15,800.00,
1416,14.16,819.00,
1417,14.17,799.00,
1418,14.18,781.00,
1419,14.19,759.00,
1420,14.200000000000001,752.00,
1421,14.21,791.00,
1422,14.22,808.00,
1423,14.23,825.00,
1424,14.24,836.00,
1425,14.25,833.00,
1426,14.26,766.00,
1427,14.27,733.00,
1428,14.280000000000001,754.00,
1429,14.290000000000001,767.00,
1430,14.3,793.00,
1431,14.31,808.00,
1432,14.32,818.00,
1433,14.33,775.00,
1434,14.34,771.00,
1435,14.35,769.00,
1436,14.36,767.00,
1437,14.370000000000001,655.00,
1438,14.38,649.00,
1439,14.39,778.00,
1440,14.4,762.00,
1441,14.41,774.00,
1442,14.42,799.00,
1443,14.43,803.00,
1444,14.44,819.00,
1445,14.450000000000001,803.00,
1446,14.46,795.00,
1447,14.47,786.00,
1448,14.48,769.00,
1449,14.49,765.00,
1450,14.5,782.00,
1451,14.51,806.00,
1452,14.52,807.00,
1453,14.530000000000001,802.00,
1454,14.540000000000001,796.00,
1455,14.55,792.00,
1456,14.56,788.00,
1457,14.57,792.00,
1458,14.58,789.00,
1459,14.59,780.00,
1460,14.6,781.00,
1461,14.61,791.00,
1462,14.620000000000001,799.00,
1463,14.63,805.00,
1464,14.64,800.00,
1465,14.65,802.00,
1466,14.66,809.00,
1467,14.67,804.00,
1468,14.68,797.00,
1469,14.69,780.00,
1470,14.700000000000001,779.00,
1471,14.71,789.00,
1472,14.72,797.00,
1473,14.73,797.00,
1474,14.74,806.00,
1475,14.75,793.00,
1476,14.76,786.00,
1477,14.77,789.00,
1478,14.780000000000001,793.00,
1479,14.790000000000001,802.00,
1480,14.8,812.00,
1481,14.81,808.00,
1482,14.82,796.00,
1483,14.83,627.00,
1484,14.84,397.00,
1485,14.85,220.00,
1486,14.86,23.00,
1487,14.870000000000001,-221.00,
1488,14.88,-335.00,
1489,14.89,-378.00,
1490,14.9,-398.00,
1491,14.91,-402.00,
1492,14.92,-404.00,
1493,14.93,-410.00,
1494,14.94,-413.00,a-Jupiter
1495,14.950000000000001,-411.00,
1496,14.96,-411.00,
1497,14.97,-417.00,
1498,14.98,-422.00,
1499,14.99,-416.00,
1500,15.0,-392.00,
1501,15.01,-244.00,
1502,15.02,-72.00,
1503,15.030000000000001,146.00,
1504,15.040000000000001,215.00,
1505,15.05,257.00,
1506,15.06,302.00,
1507,15.07,399.00,
1508,15.08,524.00,
1509,15.09,599.00,
1510,15.1,676.00,
1511,15.11,742.00,
1512,15.120000000000001,788.00,
1513,15.13,803.00,
1514,15.14,803.00,
1515,15.15,793.00,
1516,15.16,779.00,
1517,15.17,757.00,
1518,15.18,645.00,
1519,15.19,559.00,
1520,15.200000000000001,411.00,
1521,15.21,310.00,
1522,15.22,312.00,
1523,15.23,341.00,
1524,15.24,392.00,
1525,15.25,412.00,
1526,15.26,425.00,
1527,15.27,438.00,
1528,15.280000000000001,456.00,
1529,15.290000000000001,472.00,
1530,15.3,477.00,
1531,15.31,468.00,
1532,15.32,446.00,
1533,15.33,412.00,
1534,15.34,380.00,
1535,15.35,353.00,
1536,15.36,285.00,
1537,15.370000000000001,235.00,
1538,15.38,129.00,
1539,15.39,127.00,
1540,15.4,200.00,
1541,15.41,228.00,
1542,15.42,259.00,
1543,15.43,288.00,
1544,15.44,310.00,
1545,15.450000000000001,331.00,
1546,15.46,343.00,
1547,15.47,340.00,
1548,15.48,319.00,
1549,15.49,289.00,
1550,15.5,256.00,
1551,15.51,239.00,
1552,15.52,220.00,
1553,15.530000000000001,198.00,
1554,15.540000000000001,175.00,
1555,15.55,155.00,
1556,15.56,140.00,
1557,15.57,130.00,
1558,15.58,119.00,and
1559,15.59,113.00,
1560,15.6,107.00,
1561,15.610000000000001,107.00,
1562,15.620000000000001,106.00,
1563,15.63,106.00,
1564,15.64,110.00,
1565,15.65,115.00,
1566,15.66,118.00,
1567,15.67,118.00,
1568,15.68,115.00,
1569,15.69,119.00,
1570,15.700000000000001,125.00,
1571,15.71,131.00,
1572,15.72,130.00,
1573,15.73,136.00,
1574,15.74,149.00,
1575,15.75,165.00,
1576,15.76,191.00,
1577,15.77,210.00,
1578,15.780000000000001,222.00,
1579,15.790000000000001,224.00,
1580,15.8,216.00,
1581,15.81,209.00,
1582,15.82,206.00,
1583,15.83,207.00,
1584,15.84,210.00,
1585,15.85,217.00,
1586,15.860000000000001,225.00,
1587,15.870000000000001,230.00,
1588,15.88,241.00,
1589,15.89,243.00,
1590,15.9,233.00,
1591,15.91,225.00,
1592,15.92,226.00,Mars
1593,15.93,229.00,
1594,15.94,227.00,
1595,15.950000000000001,220.00,
1596,15.96,206.00,
1597,15.97,187.00,
1598,15.98,165.00,
1599,15.99,150.00,
1600,16.0,134.00,
1601,16.01,114.00,
1602,16.02,86.00,
1603,16.03,48.00,
1604,16.04,15.00,
1605,16.05,-22.00,
1606,16.06,-53.00,
1607,16.07,-64.00,
1608,16.080000000000002,-62.00,
1609,16.09,-59.00,
1610,16.1,-53.00,
1611,16.11,-42.00,
1612,16.12,-33.00,
1613,16.13,-29.00,
1614,16.14,-26.00,
1615,16.15,-22.00,
1616,16.16,-20.00,
1617,16.17,-22.00,
1618,16.18,-23.00,
1619,16.19,-25.00,
1620,16.2,-27.00,
1621,16.21,-37.00,
1622,16.22,-48.00,
1623,16.23,-63.00,
1624,16.240000000000002,-85.00,
1625,16.25,-102.00,
1626,16.26,-116.00,
1627,16.27,-126.00,
1628,16.28,-129.00,
1629,16.29,-114.00,
1630,16.3,-100.00,
1631,16.31,-78.00,
1632,16.32,-34.00,
1633,16.330000000000002,18.00,
1634,16.34,68.00,
1635,16.35,92.00,
1636,16.36,94.00,
1637,16.37,77.00,
1638,16.38,37.00,
1639,16.39,-14.00,
1640,16.4,-80.00,
1641,16.41,-190.00,
1642,16.42,-250.00,
1643,16.43,-301.00,
1644,16.44,-305.00,
1645,16.45,-288.00,
1646,16.46,-215.00,
1647,16.47,-80.00,
1648,16.48,35.00,
1649,16.490000000000002,101.00,
1650,16.5,148.00,
1651,16.51,172.00,
1652,16.52,175.00,
1653,16.53,150.00,
1654,16.54,113.00,
1655,16.55,86.00,
1656,16.56,,
1657,16.57,,
1658,16.580000000000002,,
1659,16.59,,
1660,16.6,,
1661,16.61,,
1662,16.62,,
1663,16.63,,
1664,16.64,,
1665,16.65,,
1666,16.66,,
1667,16.67,,
1668,16.68,,
1669,16.69,,
1670,16.7,,
1671,16.71,,
1672,16.72,,
1673,16.73,,
1674,16.740000000000002,,
1675,16.75,,
1676,16.76,,
1677,16.77,,
1678,16.78,,
1679,16.79,,
1680,16.8,,
1681,16.81,,
1682,16.82,,
1683,16.830000000000002,,
1684,16.84,,
1685,16.85,,
1686,16.86,,
1687,16.87,,
1688,16.88,,
1689,16.89,,
1690,16.9,,
1691,16.91,,
1692,16.92,,
1693,16.93,,
1694,16.94,,
1695,16.95,,
1696,16.96,,
1697,16.97,,
1698,16.98,,
1699,16.990000000000002,,
1700,17.0,,
1701,17.01,,
1702,17.02,,
1703,17.03,,
1704,17.04,,
1705,17.05,,
1706,17.06,,
1707,17.07,,
1708,17.080000000000002,,
1709,17.09,,
1710,17.1,,
1711,17.11,,
1712,17.12,,
1713,17.13,,
1714,17.14,,
1715,17.150000000000002,,
1716,17.16,,
1717,17.17,,
1718,17.18,,
1719,17.19,,
1720,17.2,,
1721,17.21,,
1722,17.22,,
1723,17.23,,
1724,17.240000000000002,,
1725,17.25,,
1726,17.26,,
1727,17.27,,
1728,17.28,,
1729,17.29,,
1730,17.3,,
1731,17.31,,
1732,17.32,,
1733,17.330000000000002,,
1734,17.34,,
1735,17.35,,
1736,17.36,,
1737,17.37,,
1738,17.38,,
1739,17.39,,
1740,17.400000000000002,,
1741,17.41,,
1742,17.42,,
1743,17.43,,
1744,17.44,,
1745,17.45,,
1746,17.46,,
1747,17.47,,
1748,17.48,,
1749,17.490000000000002,,
1750,17.5,,
1751,17.51,,
1752,17.52,,
1753,17.53,,
1754,17.54,,
1755,17.55,,
1756,17.56,,
1757,17.57,,
1758,17.580000000000002,,
1759,17.59,,
1760,17.6,,
1761,17.61,,
1762,17.62,,
1763,17.63,,
1764,17.64,,
1765,17.650000000000002,,
1766,17.66,,
1767,17.67,,
1768,17.68,,
1769,17.69,,
1770,17.7,,
1771,17.71,,
1772,17.72,,
1773,17.73,,
1774,17.740000000000002,,
1775,17.75,,
1776,17.76,,
1777,17.77,,
1778,17.78,,
1779,17.79,,
1780,17.8,,
1781,17.81,,
1782,17.82,,
1783,17.830000000000002,,
1784,17.84,,
1785,17.85,,
1786,17.86,-350.00,
1787,17.87,-358.00,
1788,17.88,-339.00,
1789,17.89,-297.00,In
1790,17.900000000000002,-215.00,
1791,17.91,-171.00,
1792,17.92,-131.00,
1793,17.93,-85.00,
1794,17.94,-66.00,
1795,17.95,-52.00,
1796,17.96,-38.00,
1797,17.97,-23.00,
1798,17.98,-16.00,
1799,17.990000000000002,-14.00,
1800,18.0,-21.00,
1801,18.01,-25.00,
1802,18.02,-19.00,
1803,18.03,5.00,
1804,18.04,20.00,
1805,18.05,21.00,other
1806,18.06,24.00,
1807,18.07,27.00,
1808,18.080000000000002,36.00,
1809,18.09,49.00,
1810,18.1,59.00,
1811,18.11,64.00,
1812,18.12,67.00,
1813,18.13,75.00,
1814,18.14,82.00,
1815,18.150000000000002,79.00,
1816,18.16,70.00,
1817,18.17,58.00,
1818,18.18,79.00,
1819,18.19,118.00,
1820,18.2,139.00,
1821,18.21,146.00,
1822,18.22,144.00,
1823,18.23,138.00,
1824,18.240000000000002,136.00,
1825,18.25,136.00,
1826,18.26,143.00,
1827,18.27,154.00,
1828,18.28,168.00,
1829,18.29,186.00,
1830,18.3,206.00,
1831,18.31,217.00,
1832,18.32,223.00,
1833,18.330000000000002,225.00,words
1834,18.34,233.00,
1835,18.35,250.00,
1836,18.36,274.00,
1837,18.37,295.00,
1838,18.38,324.00,
1839,18.39,380.00,
1840,18.400000000000002,442.00,
1841,18.41,517.00,
1842,18.42,564.00,
1843,18.43,611.00,
1844,18.44,658.00,
1845,18.45,688.00,
1846,18.46,702.00,
1847,18.47,711.00,
1848,18.48,715.00,
1849,18.490000000000002,721.00,
1850,18.5,741.00,
1851,18.51,771.00,
1852,18.52,798.00,
1853,18.53,820.00,
1854,18.54,840.00,
1855,18.55,856.00,
1856,18.56,867.00,
1857,18.57,871.00,
1858,18.580000000000002,868.00,
1859,18.59,867.00,
1860,18.6,870.00,
1861,18.61,872.00,
1862,18.62,870.00,
1863,18.63,853.00,
1864,18.64,822.00,
1865,18.650000000000002,800.00,
1866,18.66,600.00,
1867,18.67,563.00,
1868,18.68,549.00,
1869,18.69,560.00,
1870,18.7,526.00,
1871,18.71,520.00,
1872,18.72,,
1873,18.73,,
1874,18.740000000000002,,
1875,18.75,,
1876,18.76,,
1877,18.77,,
1878,18.78,,
1879,18.79,,
1880,18.8,,
1881,18.81,,
1882,18.82,,
1883,18.830000000000002,,
1884,18.84,,
1885,18.85,,
1886,18.86,,
1887,18.87,,
1888,18.88,,
1889,18.89,,
1890,18.900000000000002,,
1891,18.91,,
1892,18.92,,
1893,18.93,,
1894,18.94,,
1895,18.95,,
1896,18.96,,
1897,18.97,,
1898,18.98,,
1899,18.990000000000002,,
1900,19.0,,
1901,19.01,,
1902,19.02,,
1903,19.03,,
1904,19.04,,
1905,19.05,,
1906,19.06,,
1907,19.07,,
1908,19.080000000000002,,
1909,19.09,,
1910,19.1,,
1911,19.11,,
1912,19.12,,
1913,19.13,,
1914,19.14,,
1915,19.150000000000002,,
1916,19.16,,
1917,19.17,,
1918,19.18,,
1919,19.19,,
1920,19.2,,
1921,19.21,,
1922,19.22,,
1923,19.23,,
1924,19.240000000000002,,
1925,19.25,,
1926,19.26,,
1927,19.27,,
1928,19.28,,
1929,19.29,795.00,
1930,19.3,797.00,
1931,19.31,794.00,
1932,19.32,791.00,
1933,19.330000000000002,810.00,
1934,19.34,821.00,
1935,19.35,814.00,
1936,19.36,799.00,
1937,19.37,782.00,
1938,19.38,778.00,
1939,19.39,787.00,
1940,19.400000000000002,803.00,
1941,19.41,820.00,
1942,19.42,824.00,
1943,19.43,817.00,
1944,19.44,820.00,
1945,19.45,791.00,
1946,19.46,772.00,
1947,19.47,760.00,
1948,19.48,761.00,
1949,19.490000000000002,547.00,
1950,19.5,308.00,
1951,19.51,125.00,
1952,19.52,116.00,
1953,19.53,327.00,
1954,19.54,291.00,
1955,19.55,293.00,
1956,19.56,273.00,
1957,19.57,407.00,
1958,19.580000000000002,615.00,
1959,19.59,795.00,
1960,19.6,783.00,
1961,19.61,782.00,
1962,19.62,776.00,
1963,19.63,769.00,
1964,19.64,781.00,
1965,19.650000000000002,789.00,
1966,19.66,791.00,
1967,19.67,800.00,
1968,19.68,807.00,
1969,19.69,806.00,
1970,19.7,807.00,
1971,19.71,794.00,
1972,19.72,790.00,
1973,19.73,776.00,
1974,19.740000000000002,767.00,
1975,19.75,779.00,
1976,19.76,786.00,
1977,19.77,803.00,
1978,19.78,810.00,
1979,19.79,801.00,
1980,19.8,793.00,
1981,19.81,790.00,
1982,19.82,785.00,
1983,19.830000000000002,784.00,
1984,19.84,789.00,
1985,19.85,795.00,
1986,19.86,804.00,
1987,19.87,807.00,
1988,19.88,812.00,
1989,19.89,816.00,
1990,19.900000000000002,810.00,
1991,19.91,804.00,
1992,19.92,797.00,
1993,19.93,787.00,
1994,19.94,788.00,
1995,19.95,790.00,
1996,19.96,799.00,
1997,19.97,796.00,
1998,19.98,792.00,
1999,19.990000000000002,791.00,
2000,20.0,800.00,
2001,20.01,794.00,
2002,20.02,798.00,
2003,20.03,785.00,
2004,20.04,785.00,
2005,20.05,,
2006,20.06,,
2007,20.07,,
2008,20.080000000000002,,
2009,20.09,,
2010,20.1,,
2011,20.11,,
2012,20.12,,
2013,20.13,,
2014,20.14,,
2015,20.150000000000002,,
2016,20.16,,
2017,20.17,,
2018,20.18,,
2019,20.19,,
2020,20.2,,
2021,20.21,,
2022,20.22,,
2023,20.23,,
2024,20.240000000000002,,
2025,20.25,,
2026,20.26,,
2027,20.27,,
2028,20.28,,
2029,20.29,,
2030,20.3,,
2031,20.31,,
2032,20.32,,
2033,20.330000000000002,,
2034,20.34,,
2035,20.35,,
2036,20.36,,
2037,20.37,,
2038,20.38,,
2039,20.39,,
2040,20.400000000000002,,
2041,20.41,,
2042,20.42,,
2043,20.43,,
2044,20.44,,
2045,20.45,,
2046,20.46,,
2047,20.47,,
2048,20.48,,
2049,20.490000000000002,,
2050,20.5,,
2051,20.51,,
2052,20.52,,
2053,20.53,,
2054,20.54,,
2055,20.55,,
2056,20.56,,
2057,20.57,,
2058,20.580000000000002,,
2059,20.59,,
2060,20.6,,
2061,20.61,,
2062,20.62,,
2063,20.63,,
2064,20.64,,
2065,20.650000000000002,,
2066,20.66,,
2067,20.67,,
2068,20.68,,
2069,20.69,,
2070,20.7,,
2071,20.71,,
2072,20.72,,
2073,20.73,,
2074,20.740000000000002,,
2075,20.75,,
2076,20.76,,
2077,20.77,,
2078,20.78,,
2079,20.79,,
2080,20.8,,
2081,20.81,,
2082,20.82,,
2083,20.830000000000002,,
2084,20.84,,
2085,20.85,,
2086,20.86,,
2087,20.87,,
2088,20.88,,
2089,20.89,,
2090,20.900000000000002,,
2091,20.91,,
2092,20.92,,
2093,20.93,,
2094,20.94,,
2095,20.95,,
2096,20.96,,
2097,20.97,,
2098,20.98,500.00,
2099,20.990000000000002,527.00,
2100,21.0,549.00,hold
2101,21.01,597.00,
2102,21.02,655.00,
2103,21.03,699.00,
2104,21.04,732.00,
2105,21.05,766.00,
2106,21.06,797.00,
2107,21.07,828.00,
2108,21.080000000000002,861.00,
2109,21.09,893.00,
2110,21.1,911.00,
2111,21.11,920.00,
2112,21.12,926.00,
2113,21.13,940.00,
2114,21.14,959.00,
2115,21.150000000000002,978.00,
2116,21.16,993.00,
2117,21.17,1003.00,
2118,21.18,1009.00,
2119,21.19,1014.00,
2120,21.2,1021.00,
2121,21.21,1027.00,
2122,21.22,1030.00,
2123,21.23,1037.00,
2124,21.240000000000002,1042.00,
2125,21.25,1047.00,
2126,21.26,1054.00,
2127,21.27,1063.00,
2128,21.28,1076.00,
2129,21.29,1090.00,
2130,21.3,1094.00,
2131,21.31,1095.00,
2132,21.32,1092.00,
2133,21.330000000000002,1088.00,
2134,21.34,1084.00,
2135,21.35,1085.00,
2136,21.36,1084.00,
2137,21.37,1085.00,
2138,21.38,1084.00,
2139,21.39,1083.00,
2140,21.400000000000002,1084.00,
2141,21.41,1084.00,
2142,21.42,1090.00,
2143,21.43,1098.00,
2144,21.44,1112.00,
2145,21.45,1129.00,
2146,21.46,1145.00,
2147,21.47,1156.00,
2148,21.48,1165.00,
2149,21.490000000000002,1168.00,
2150,21.5,1166.00,
2151,21.51,1161.00,
2152,21.52,1152.00,
2153,21.53,1145.00,
2154,21.54,1144.00,
2155,21.55,1149.00,
2156,21.56,1154.00,
2157,21.57,1163.00,
2158,21.580000000000002,1168.00,
2159,21.59,1172.00,
2160,21.6,1174.00,
2161,21.61,1179.00,
2162,21.62,1183.00,
2163,21.63,1188.00,
2164,21.64,1192.00,
2165,21.650000000000002,1195.00,
2166,21.66,1195.00,
2167,21.67,1195.00,
2168,21.68,1191.00,
2169,21.69,1190.00,
2170,21.7,1191.00,
2171,21.71,1192.00,
2172,21.72,1191.00,
2173,21.73,1185.00,
2174,21.740000000000002,1177.00,
2175,21.75,1166.00,
2176,21.76,1158.00,
2177,21.77,1160.00,
2178,21.78,1164.00,
2179,21.79,1168.00,
2180,21.8,1172.00,
2181,21.81,1180.00,
2182,21.82,1189.00,
2183,21.830000000000002,1196.00,
2184,21.84,1200.00,
2185,21.85,1200.00,
2186,21.86,1194.00,
2187,21.87,1188.00,
2188,21.88,1179.00,
2189,21.89,1173.00,
2190,21.900000000000002,1165.00,
2191,21.91,1153.00,
2192,21.92,1145.00,
2193,21.93,1139.00,
2194,21.94,1131.00,
2195,21.95,1117.00,
2196,21.96,1098.00,
2197,21.97,1041.00,
2198,21.98,1000.00,
2199,21.990000000000002,968.00,
2200,22.0,945.00,
2201,22.01,903.00,
2202,22.02,853.00,
2203,22.03,820.00,
2204,22.04,803.00,
2205,22.05,791.00,
2206,22.06,784.00,my
2207,22.07,784.00,
2208,22.080000000000002,801.00,
2209,22.09,821.00,
2210,22.1,839.00,
2211,22.11,853.00,
2212,22.12,872.00,
2213,22.13,892.00,
2214,22.14,908.00,
2215,22.150000000000002,924.00,
2216,22.16,944.00,
2217,22.17,965.00,
2218,22.18,984.00,
2219,22.19,999.00,
2220,22.2,1009.00,
2221,22.21,1020.00,
2222,22.22,1032.00,
2223,22.23,1045.00,
2224,22.240000000000002,1062.00,
2225,22.25,1076.00,
2226,22.26,1090.00,
2227,22.27,1097.00,
2228,22.28,1098.00,
2229,22.29,1095.00,
2230,22.3,1089.00,
2231,22.31,1074.00,
2232,22.32,1040.00,
2233,22.330000000000002,985.00,
2234,22.34,920.00,
2235,22.35,794.00,
2236,22.36,779.00,
2237,22.37,780.00,
2238,22.38,800.00,
2239,22.39,833.00,
2240,22.400000000000002,882.00,
2241,22.41,952.00,
2242,22.42,1008.00,
2243,22.43,1028.00,
2244,22.44,1034.00,hand
2245,22.45,1030.00,
2246,22.46,1025.00,
2247,22.47,1017.00,
2248,22.48,1007.00,
2249,22.490000000000002,993.00,
2250,22.5,972.00,
2251,22.51,950.00,
2252,22.52,929.00,
2253,22.53,895.00,
2254,22.54,851.00,
2255,22.55,818.00,
2256,22.56,793.00,
2257,22.57,757.00,
2258,22.580000000000002,722.00,
2259,22.59,698.00,
2260,22.6,680.00,
2261,22.61,668.00,
2262,22.62,664.00,
2263,22.63,661.00,
2264,22.64,656.00,
2265,22.650000000000002,650.00,
2266,22.66,646.00,
2267,22.67,643.00,
2268,22.68,639.00,
2269,22.69,638.00,
2270,22.7,640.00,
2271,22.71,648.00,
2272,22.72,657.00,
2273,22.73,666.00,
2274,22.740000000000002,668.00,
2275,22.75,666.00,
2276,22.76,663.00,
2277,22.77,664.00,
2278,22.78,670.00,
2279,22.79,678.00,
2280,22.8,685.00,
2281,22.81,685.00,
2282,22.82,676.00,
2283,22.830000000000002,670.00,
2284,22.84,672.00,
2285,22.85,678.00,
2286,22.86,685.00,
2287,22.87,682.00,
2288,22.88,673.00,
2289,22.89,658.00,
2290,22.900000000000002,640.00,
2291,22.91,624.00,
2292,22.92,618.00,
2293,22.93,621.00,
2294,22.94,638.00,
2295,22.95,674.00,
2296,22.96,712.00,
2297,22.97,751.00,
2298,22.98,772.00,
2299,22.990000000000002,776.00,
2300,23.0,771.00,
2301,23.01,742.00,
2302,23.02,702.00,
2303,23.03,670.00,
2304,23.04,631.00,
2305,23.05,600.00,
2306,23.06,575.00,
2307,23.07,562.00,
2308,23.080000000000002,562.00,
2309,23.09,574.00,
2310,23.1,598.00,
2311,23.11,644.00,
2312,23.12,700.00,
2313,23.13,777.00,
2314,23.14,809.00,
2315,23.150000000000002,824.00,
2316,23.16,831.00,
2317,23.17,827.00,
2318,23.18,811.00,
2319,23.19,788.00,
2320,23.2,739.00,
2321,23.21,655.00,
2322,23.22,590.00,
2323,23.23,504.00,
2324,23.240000000000002,478.00,
2325,23.25,474.00,
2326,23.26,488.00,
2327,23.27,527.00,
2328,23.28,609.00,
2329,23.29,713.00,
2330,23.3,803.00,
2331,23.31,839.00,
2332,23.32,864.00,
2333,23.330000000000002,874.00,
2334,23.34,863.00,
2335,23.35,828.00,
2336,23.36,786.00,
2337,23.37,740.00,
2338,23.38,597.00,
2339,23.39,511.00,
2340,23.400000000000002,463.00,
2341,23.41,443.00,
2342,23.42,455.00,
2343,23.43,491.00,
2344,23.44,542.00,
2345,23.45,628.00,
2346,23.46,715.00,
2347,23.47,785.00,
2348,23.48,807.00,
2349,23.490000000000002,803.00,
2350,23.5,789.00,
2351,23.51,763.00,
2352,23.52,687.00,
2353,23.53,605.00,
2354,23.54,525.00,
2355,23.55,493.00,
2356,23.56,486.00,
2357,23.57,492.00,
2358,23.580000000000002,516.00,
2359,23.59,561.00,
2360,23.6,609.00,
2361,23.61,638.00,
2362,23.62,628.00,
2363,23.63,599.00,
2364,23.64,554.00,
2365,23.650000000000002,486.00,
2366,23.66,416.00,
2367,23.67,524.00,
2368,23.68,587.00,
2369,23.69,754.00,
2370,23.7,851.00,
2371,23.71,823.00,
2372,23.72,804.00,
2373,23.73,792.00,
2374,23.740000000000002,788.00,
2375,23.75,786.00,
2376,23.76,789.00,
2377,23.77,800.00,
2378,23.78,803.00,
2379,23.79,792.00,
2380,23.8,782.00,
2381,23.81,,
2382,23.82,,
2383,23.830000000000002,,
2384,23.84,,
2385,23.85,,
2386,23.86,,
2387,23.87,,
2388,23.88,,
2389,23.89,,
2390,23.900000000000002,,
2391,23.91,,
2392,23.92,,
2393,23.93,,
2394,23.94,,
2395,23.95,,
2396,23.96,,
2397,23.97,,
2398,23.98,,
2399,23.990000000000002,,
2400,24.0,,
2401,24.01,,
2402,24.02,,
2403,24.03,,
2404,24.04,,
2405,24.05,,
2406,24.060000000000002,,
2407,24.07,,
2408,24.080000000000002,,
2409,24.09,,
2410,24.1,,
2411,24.11,,
2412,24.12,,
2413,24.13,,
2414,24.14,,
2415,24.150000000000002,,
2416,24.16,,
2417,24.17,,
2418,24.18,,
2419,24.19,,
2420,24.2,,
2421,24.21,,
2422,24.22,,
2423,24.23,,
2424,24.240000000000002,,
2425,24.25,,
2426,24.26,,
2427,24.27,,
2428,24.28,,
2429,24.29,,
2430,24.3,,
2431,24.310000000000002,,
2432,24.32,,
2433,24.330000000000002,,
2434,24.34,,
2435,24.35,,
2436,24.36,,
2437,24.37,,
2438,24.38,,
2439,24.39,,
2440,24.400000000000002,,
2441,24.41,,
2442,24.42,,
2443,24.43,,
2444,24.44,,
2445,24.45,,
2446,24.46,,
2447,24.47,,
2448,24.48,,
2449,24.490000000000002,,
2450,24.5,,
2451,24.51,,
2452,24.52,,
2453,24.53,,
2454,24.54,,
2455,24.55,,
2456,24.560000000000002,,
2457,24.57,,
2458,24.580000000000002,,
2459,24.59,,
2460,24.6,,
2461,24.61,,
2462,24.62,,
2463,24.63,,
2464,24.64,,
2465,24.650000000000002,,
2466,24.66,,
2467,24.67,,
2468,24.68,,
2469,24.69,,
2470,24.7,,
2471,24.71,,
2472,24.72,,
2473,24.73,,
2474,24.740000000000002,,
2475,24.75,,
2476,24.76,,
2477,24.77,,
2478,24.78,,
2479,24.79,,
2480,24.8,,
2481,24.810000000000002,,
2482,24.82,,
2483,24.830000000000002,,
2484,24.84,,
2485,24.85,,
2486,24.86,,
2487,24.87,,
2488,24.88,,
2489,24.89,,
2490,24.900000000000002,,
2491,24.91,,
2492,24.92,,
2493,24.93,,
2494,24.94,,
2495,24.95,,
2496,24.96,,
2497,24.97,,
2498,24.98,,
2499,24.990000000000002,,
2500,25.0,,
2501,25.01,,
2502,25.02,,
2503,25.03,,
2504,25.04,,
2505,25.05,,
2506,25.060000000000002,,
2507,25.07,,
2508,25.080000000000002,,
2509,25.09,,
2510,25.1,,
2511,25.11,,
2512,25.12,,
2513,25.13,,
2514,25.14,,
2515,25.150000000000002,,
2516,25.16,,
2517,25.17,,
2518,25.18,,
2519,25.19,,
2520,25.2,,
2521,25.21,,
2522,25.22,,
2523,25.23,,
2524,25.240000000000002,,
2525,25.25,,
2526,25.26,,
2527,25.27,,
2528,25.28,,
2529,25.29,,
2530,25.3,,
2531,25.310000000000002,,
2532,25.32,,
2533,25.330000000000002,,
2534,25.34,,
2535,25.35,,
2536,25.36,,
2537,25.37,,
2538,25.38,,
2539,25.39,,
2540,25.400000000000002,,
2541,25.41,,
2542,25.42,,
2543,25.43,,
2544,25.44,,
2545,25.45,,
2546,25.46,,
2547,25.47,,
2548,25.48,,
2549,25.490000000000002,,
2550,25.5,,
2551,25.51,,
2552,25.52,,
2553,25.53,,
2554,25.54,,
2555,25.55,,
2556,25.560000000000002,,
2557,25.57,,
2558,25.580000000000002,,
2559,25.59,,
2560,25.6,,
2561,25.61,,
2562,25.62,,
2563,25.63,,
2564,25.64,,
2565,25.650000000000002,,
2566,25.66,,
2567,25.67,,
2568,25.68,,
2569,25.69,,
2570,25.7,,
2571,25.71,,
2572,25.72,,
2573,25.73,,
2574,25.740000000000002,,
2575,25.75,,
2576,25.76,,
2577,25.77,,
2578,25.78,,
2579,25.79,,
2580,25.8,,
2581,25.810000000000002,,
2582,25.82,,
2583,25.830000000000002,,
2584,25.84,,
2585,25.85,,
2586,25.86,,
2587,25.87,,
2588,25.88,,
2589,25.89,,
2590,25.900000000000002,,
2591,25.91,,
2592,25.92,,
2593,25.93,,
2594,25.94,,
2595,25.95,,
2596,25.96,,
2597,25.97,,
2598,25.98,,
2599,25.990000000000002,,
2600,26.0,,
2601,26.01,,
2602,26.02,,
2603,26.03,,
2604,26.04,,
2605,26.05,,
2606,26.060000000000002,,
2607,26.07,,In
2608,26.080000000000002,,
2609,26.09,,
2610,26.1,-345.00,
2611,26.11,-309.00,
2612,26.12,-269.00,
2613,26.13,-225.00,
2614,26.14,-201.00,
2615,26.150000000000002,-187.00,
2616,26.16,-164.00,
2617,26.17,-160.00,
2618,26.18,-161.00,
2619,26.19,-167.00,
2620,26.2,-154.00,
2621,26.21,-137.00,
2622,26.22,-129.00,
2623,26.23,-124.00,
2624,26.240000000000002,-124.00,
2625,26.25,-123.00,other
2626,26.26,-124.00,
2627,26.27,-126.00,
2628,26.28,-124.00,
2629,26.29,-123.00,
2630,26.3,-122.00,
2631,26.310000000000002,-121.00,
2632,26.32,-118.00,
2633,26.330000000000002,-121.00,
2634,26.34,-134.00,
2635,26.35,-141.00,
2636,26.36,-120.00,
2637,26.37,-84.00,
2638,26.38,-66.00,
2639,26.39,-59.00,
2640,26.400000000000002,-60.00,
2641,26.41,-65.00,
2642,26.42,-78.00,
2643,26.43,-88.00,
2644,26.44,-97.00,
2645,26.45,-103.00,
2646,26.46,-105.00,
2647,26.47,-103.00,
2648,26.48,-92.00,
2649,26.490000000000002,-75.00,
2650,26.5,-42.00,words
2651,26.51,-5.00,
2652,26.52,24.00,
2653,26.53,78.00,
2654,26.54,118.00,
2655,26.55,161.00,
2656,26.560000000000002,199.00,
2657,26.57,229.00,
2658,26.580000000000002,256.00,
2659,26.59,278.00,
2660,26.6,287.00,
2661,26.61,293.00,
2662,26.62,298.00,
2663,26.63,300.00,
2664,26.64,305.00,
2665,26.650000000000002,319.00,
2666,26.66,341.00,
2667,26.67,362.00,
2668,26.68,383.00,
2669,26.69,403.00,
2670,26.7,423.00,
2671,26.71,439.00,
2672,26.72,453.00,
2673,26.73,468.00,
2674,26.740000000000002,472.00,
2675,26.75,470.00,
2676,26.76,472.00,
2677,26.77,482.00,
2678,26.78,495.00,
2679,26.79,506.00,
2680,26.8,511.00,
2681,26.810000000000002,511.00,
2682,26.82,511.00,
2683,26.830000000000002,506.00,
2684,26.84,447.00,
2685,26.85,389.00,
2686,26.86,313.00,
2687,26.87,303.00,
2688,26.88,299.00,
2689,26.89,300.00,
2690,26.900000000000002,,
2691,26.91,,
2692,26.92,,
2693,26.93,,
2694,26.94,,
2695,26.95,,
2696,26.96,,
2697,26.97,,
2698,26.98,,
2699,26.990000000000002,,
2700,27.0,,
2701,27.01,,
2702,27.02,,
2703,27.03,,
2704,27.04,,
2705,27.05,,
2706,27.060000000000002,,
2707,27.07,,
2708,27.080000000000002,,
2709,27.09,,
2710,27.1,,
2711,27.11,,
2712,27.12,,
2713,27.13,,
2714,27.14,,
2715,27.150000000000002,,
2716,27.16,,
2717,27.17,,
2718,27.18,,
2719,27.19,,
2720,27.2,,
2721,27.21,,
2722,27.22,,
2723,27.23,,
2724,27.240000000000002,,
2725,27.25,,
2726,27.26,,
2727,27.27,,
2728,27.28,,
2729,27.29,,
2730,27.3,,
2731,27.310000000000002,,
2732,27.32,,
2733,27.330000000000002,,
2734,27.34,,
2735,27.35,,
2736,27.36,,
2737,27.37,,
2738,27.38,,
2739,27.39,,
2740,27.400000000000002,,
2741,27.41,,
2742,27.42,,
2743,27.43,,
2744,27.44,,
2745,27.45,,
2746,27.46,,
2747,27.47,,
2748,27.48,,
2749,27.490000000000002,,
2750,27.5,,
2751,27.51,,
2752,27.52,,
2753,27.53,,
2754,27.54,,
2755,27.55,,
2756,27.560000000000002,,
2757,27.57,,
2758,27.580000000000002,,
2759,27.59,,
2760,27.6,,
2761,27.61,,
2762,27.62,,
2763,27.63,,
2764,27.64,,
2765,27.650000000000002,,
2766,27.66,,
2767,27.67,,
2768,27.68,,
2769,27.69,,
2770,27.7,,
2771,27.71,,
2772,27.72,,
2773,27.73,,
2774,27.740000000000002,,
2775,27.75,,
2776,27.76,,
2777,27.77,,
2778,27.78,,
2779,27.79,,
2780,27.8,,
2781,27.810000000000002,,
2782,27.82,,
2783,27.830000000000002,,
2784,27.84,,
2785,27.85,,
2786,27.86,,
2787,27.87,,
2788,27.88,,
2789,27.89,,
2790,27.900000000000002,,
2791,27.91,,
2792,27.92,,
2793,27.93,,
2794,27.94,,
2795,27.95,,
2796,27.96,,
2797,27.97,,
2798,27.98,,
2799,27.990000000000002,,
2800,28.0,,
2801,28.01,,
2802,28.02,,
2803,28.03,,
2804,28.04,,
2805,28.05,,
2806,28.060000000000002,,
2807,28.07,,
2808,28.080000000000002,,
2809,28.09,,
2810,28.1,,
2811,28.11,,
2812,28.12,,
2813,28.13,,
2814,28.14,,
2815,28.150000000000002,,
2816,28.16,,
2817,28.17,,
2818,28.18,,
2819,28.19,,
2820,28.2,,
2821,28.21,,
2822,28.22,,
2823,28.23,,
2824,28.240000000000002,,
2825,28.25,,
2826,28.26,,
2827,28.27,,
2828,28.28,,
2829,28.29,,
2830,28.3,,
2831,28.310000000000002,,
2832,28.32,,
2833,28.330000000000002,,
2834,28.34,,
2835,28.35,,
2836,28.36,,
2837,28.37,,
2838,28.38,,
2839,28.39,,
2840,28.400000000000002,,
2841,28.41,,
2842,28.42,,
2843,28.43,,
2844,28.44,,
2845,28.45,,
2846,28.46,,
2847,28.47,,
2848,28.48,,
2849,28.490000000000002,,
2850,28.5,,
2851,28.51,,
2852,28.52,,
2853,28.53,,
2854,28.54,,
2855,28.55,,
2856,28.560000000000002,,
2857,28.57,,
2858,28.580000000000002,,
2859,28.59,,
2860,28.6,,
2861,28.61,,
2862,28.62,,
2863,28.63,,
2864,28.64,,
2865,28.650000000000002,,
2866,28.66,,
2867,28.67,,
2868,28.68,,
2869,28.69,,
2870,28.7,,
2871,28.71,,
2872,28.72,,
2873,28.73,,
2874,28.740000000000002,,
2875,28.75,,
2876,28.76,,
2877,28.77,,
2878,28.78,,
2879,28.79,,
2880,28.8,,
2881,28.810000000000002,,
2882,28.82,,
2883,28.830000000000002,,
2884,28.84,,
2885,28.85,,
2886,28.86,,
2887,28.87,,
2888,28.88,,
2889,28.89,,
2890,28.900000000000002,,
2891,28.91,,
2892,28.92,,
2893,28.93,,
2894,28.94,,
2895,28.95,,
2896,28.96,,
2897,28.97,,
2898,28.98,,
2899,28.990000000000002,,
2900,29.0,,
2901,29.01,,
2902,29.02,,
2903,29.03,,
2904,29.04,,
2905,29.05,,
2906,29.060000000000002,,
2907,29.07,,
2908,29.080000000000002,,
2909,29.09,-204.00,
2910,29.1,-212.00,
2911,29.11,-225.00,
2912,29.12,-222.00,
2913,29.13,-212.00,
2914,29.14,-201.00,
2915,29.150000000000002,-195.00,
2916,29.16,-187.00,
2917,29.17,-154.00,
2918,29.18,1.00,
2919,29.19,213.00,
2920,29.2,415.00,
2921,29.21,567.00,
2922,29.22,602.00,
2923,29.23,653.00,darling
2924,29.240000000000002,735.00,
2925,29.25,787.00,
2926,29.26,813.00,
2927,29.27,839.00,
2928,29.28,860.00,
2929,29.29,865.00,
2930,29.3,851.00,
2931,29.310000000000002,825.00,
2932,29.32,793.00,
2933,29.330000000000002,753.00,
2934,29.34,713.00,
2935,29.35,670.00,
2936,29.36,630.00,
2937,29.37,575.00,
2938,29.38,532.00,
2939,29.39,495.00,
2940,29.400000000000002,458.00,
2941,29.41,389.00,
2942,29.42,335.00,
2943,29.43,303.00,
2944,29.44,285.00,
2945,29.45,262.00,
2946,29.46,249.00,
2947,29.47,236.00,
2948,29.48,229.00,
2949,29.490000000000002,226.00,
2950,29.5,224.00,
2951,29.51,226.00,
2952,29.52,233.00,
2953,29.53,243.00,
2954,29.54,253.00,
2955,29.55,259.00,
2956,29.560000000000002,266.00,
2957,29.57,268.00,
2958,29.580000000000002,269.00,
2959,29.59,266.00,
2960,29.6,260.00,
2961,29.61,253.00,
2962,29.62,253.00,
2963,29.63,268.00,
2964,29.64,294.00,
2965,29.650000000000002,327.00,
2966,29.66,380.00,
2967,29.67,420.00,
2968,29.68,489.00,
2969,29.69,540.00,
2970,29.7,574.00,
2971,29.71,675.00,
2972,29.72,710.00,
2973,29.73,716.00,
2974,29.740000000000002,704.00,
2975,29.75,683.00,
2976,29.76,646.00,
2977,29.77,612.00,
2978,29.78,570.00,
2979,29.79,530.00,
2980,29.8,507.00,
2981,29.810000000000002,482.00,
2982,29.82,418.00,
2983,29.830000000000002,339.00,
2984,29.84,286.00,
2985,29.85,207.00,
2986,29.86,133.00,
2987,29.87,85.00,
2988,29.88,45.00,
2989,29.89,-30.00,
2990,29.900000000000002,-86.00,
2991,29.91,-97.00,
2992,29.92,-100.00,
2993,29.93,-99.00,
2994,29.94,-101.00,
2995,29.95,-105.00,
2996,29.96,-116.00,
2997,29.97,-130.00,
2998,29.98,-148.00,
2999,29.990000000000002,-163.00,
3000,30.0,-186.00,
3001,30.01,,
3002,30.02,,
3003,30.03,,
3004,30.04,,
3005,30.05,,
3006,30.060000000000002,,
3007,30.07,,
3008,30.080000000000002,,
3009,30.09,,
3010,30.1,,
3011,30.11,,
3012,30.12,,
3013,30.13,,
3014,30.14,,
3015,30.150000000000002,,
3016,30.16,,
3017,30.17,,
3018,30.18,,
3019,30.19,,
3020,30.2,,
3021,30.21,,kiss
3022,30.22,,
3023,30.23,,
3024,30.240000000000002,,
3025,30.25,,
3026,30.26,,
3027,30.27,,
3028,30.28,,
3029,30.29,,
3030,30.3,,
3031,30.310000000000002,,
3032,30.32,,
3033,30.330000000000002,,
3034,30.34,,
3035,30.35,,
3036,30.36,,
3037,30.37,,
3038,30.38,,
3039,30.39,,
3040,30.400000000000002,,
3041,30.41,,
3042,30.42,,
3043,30.43,,
3044,30.44,,
3045,30.45,,
3046,30.46,,
3047,30.47,,
3048,30.48,,
3049,30.490000000000002,,
3050,30.5,,
3051,30.51,,
3052,30.52,,
3053,30.53,,
3054,30.54,,
3055,30.55,,
3056,30.560000000000002,,
3057,30.57,,
3058,30.580000000000002,,
3059,30.59,,
3060,30.6,,
3061,30.61,,
3062,30.62,,
3063,30.63,,
3064,30.64,,
3065,30.650000000000002,,
3066,30.66,,
3067,30.67,,
3068,30.68,,
3069,30.69,,
3070,30.7,,
3071,30.71,,
3072,30.72,,
3073,30.73,,
3074,30.740000000000002,,
3075,30.75,,
3076,30.76,,
3077,30.77,,
3078,30.78,,
3079,30.79,,
3080,30.8,,
3081,30.810000000000002,,
3082,30.82,,
3083,30.830000000000002,,
3084,30.84,,
3085,30.85,,
3086,30.86,,
3087,30.87,,
3088,30.88,,
3089,30.89,,
3090,30.900000000000002,,
3091,30.91,,
3092,30.92,,
3093,30.93,,
3094,30.94,,
3095,30.95,,
3096,30.96,,
3097,30.970000000000002,,
3098,30.98,,
3099,30.990000000000002,,
3100,31.0,,
3101,31.01,,
3102,31.02,,
3103,31.03,,
3104,31.04,,
3105,31.05,,
3106,31.060000000000002,,
3107,31.07,,
3108,31.080000000000002,,
3109,31.09,,
3110,31.1,,
3111,31.11,,
3112,31.12,,
3113,31.13,,
3114,31.14,,
3115,31.150000000000002,,
3116,31.16,-60.00,
3117,31.17,-26.00,
3118,31.18,6.00,
3119,31.19,43.00,me
3120,31.2,127.00,
3121,31.21,178.00,
3122,31.220000000000002,203.00,
3123,31.23,215.00,
3124,31.240000000000002,229.00,
3125,31.25,246.00,
3126,31.26,267.00,
3127,31.27,273.00,
3128,31.28,282.00,
3129,31.29,282.00,
3130,31.3,283.00,
3131,31.310000000000002,281.00,
3132,31.32,276.00,
3133,31.330000000000002,270.00,
3134,31.34,259.00,
3135,31.35,255.00,
3136,31.36,257.00,
3137,31.37,272.00,
3138,31.38,291.00,
3139,31.39,310.00,
3140,31.400000000000002,332.00,
3141,31.41,359.00,
3142,31.42,376.00,
3143,31.43,388.00,
3144,31.44,392.00,
3145,31.45,388.00,
3146,31.46,374.00,
3147,31.470000000000002,354.00,
3148,31.48,324.00,
3149,31.490000000000002,302.00,
3150,31.5,291.00,
3151,31.51,290.00,
3152,31.52,296.00,
3153,31.53,307.00,
3154,31.54,339.00,
3155,31.55,380.00,
3156,31.560000000000002,415.00,
3157,31.57,472.00,
3158,31.580000000000002,514.00,
3159,31.59,555.00,
3160,31.6,578.00,
3161,31.61,581.00,
3162,31.62,554.00,
3163,31.63,518.00,
3164,31.64,483.00,
3165,31.650000000000002,414.00,
3166,31.66,314.00,
3167,31.67,131.00,
3168,31.68,45.00,
3169,31.69,29.00,
3170,31.7,31.00,
3171,31.71,194.00,
3172,31.720000000000002,244.00,
3173,31.73,295.00,
3174,31.740000000000002,378.00,
3175,31.75,419.00,
3176,31.76,596.00,
3177,31.77,656.00,
3178,31.78,674.00,
3179,31.79,667.00,
3180,31.8,634.00,
3181,31.810000000000002,576.00,
3182,31.82,,
3183,31.830000000000002,,
3184,31.84,,
3185,31.85,,
3186,31.86,,
3187,31.87,,
3188,31.88,,
3189,31.89,,
3190,31.900000000000002,,
3191,31.91,,
3192,31.92,,
3193,31.93,,
3194,31.94,,
3195,31.95,,
3196,31.96,,
3197,31.970000000000002,,
3198,31.98,,
3199,31.990000000000002,,
3200,32.0,,
3201,32.01,,
3202,32.02,,
3203,32.03,,
3204,32.04,,
3205,32.05,,
3206,32.06,,
3207,32.07,,
3208,32.08,,
3209,32.09,,
3210,32.1,,
3211,32.11,,
3212,32.12,,
3213,32.13,,
3214,32.14,,
3215,32.15,,
3216,32.160000000000004,,
3217,32.17,,
3218,32.18,,
3219,32.19,,
3220,32.2,,
3221,32.21,,
3222,32.22,,
3223,32.230000000000004,,
3224,32.24,,
3225,32.25,,
3226,32.26,,
3227,32.27,,
3228,32.28,,
3229,32.29,,
3230,32.3,,
3231,32.31,,
3232,32.32,,
3233,32.33,,
3234,32.34,,
3235,32.35,,
3236,32.36,,
3237,32.37,,
3238,32.38,,
3239,32.39,,
3240,32.4,,
3241,32.410000000000004,,
3242,32.42,,
3243,32.43,,
3244,32.44,,
3245,32.45,,
3246,32.46,,
3247,32.47,,
3248,32.480000000000004,293.00,
3249,32.49,289.00,
3250,32.5,289.00,
3251,32.51,294.00,
3252,32.52,290.00,
3253,32.53,276.00,
3254,32.54,265.00,
3255,32.55,264.00,
3256,32.56,290.00,
3257,32.57,323.00,
3258,32.58,328.00,
3259,32.59,321.00,
3260,32.6,303.00,
3261,32.61,287.00,
3262,32.62,,
3263,32.63,,
3264,32.64,,
3265,32.65,,
3266,32.660000000000004,,
3267,32.67,,
3268,32.68,,
3269,32.69,,
3270,32.7,,
3271,32.71,,
3272,32.72,,
3273,32.730000000000004,,
3274,32.74,,
3275,32.75,,
3276,32.76,,
3277,32.77,,
3278,32.78,,
3279,32.79,,
3280,32.8,,
3281,32.81,,
3282,32.82,,
3283,32.83,,
3284,32.84,,
3285,32.85,,
3286,32.86,,
3287,32.87,,
3288,32.88,,
3289,32.89,,
3290,32.9,,
3291,32.910000000000004,,
3292,32.92,284.00,
3293,32.93,282.00,
3294,32.94,299.00,
3295,32.95,308.00,
3296,32.96,305.00,
3297,32.97,302.00,
3298,32.980000000000004,303.00,
3299,32.99,304.00,
3300,33.0,307.00,
3301,33.01,296.00,
3302,33.02,281.00,
3303,33.03,272.00,
3304,33.04,300.00,
3305,33.05,304.00,
3306,33.06,307.00,
3307,33.07,322.00,
3308,33.08,322.00,
3309,33.09,153.00,
3310,33.1,159.00,
3311,33.11,157.00,
3312,33.12,153.00,
3313,33.13,143.00,
3314,33.14,150.00,
3315,33.15,141.00,
3316,33.160000000000004,105.00,
3317,33.17,87.00,
3318,33.18,92.00,
3319,33.19,234.00,
3320,33.2,206.00,
3321,33.21,233.00,
3322,33.22,273.00,
3323,33.230000000000004,314.00,
3324,33.24,328.00,
3325,33.25,317.00,
