time,pitch,word,energy
0.0,,,0.0
0.01,,,0.0
0.02,,,0.0
0.03,,,0.0
0.04,,,0.0
0.05,,,0.0
0.06,,,0.0
0.07,,,47.89785833542580
0.08,,,47.92023580976490
0.09,,,47.93404351756250
0.1,,,47.9373500032672
0.11,,,47.93389083876590
0.12,,,47.92777297993020
0.13,,,47.91129925248680
0.14,,,47.87792361513080
0.15,,,47.83744571059950
0.16,,,47.811766723630300
0.17,,,47.81456042829270
0.18,,,47.83127653208180
0.19,,,47.83722121953570
0.2,,,47.83581640011750
0.21,,,47.84631452099390
0.22,,,47.864906486399700
0.23,,,47.87893471796500
0.24,,,47.894857076021900
0.25,,,47.91617601527940
0.26,,,47.92979496425520
0.27,,,47.92901489021530
0.28,,,47.91451944859850
0.29,,,47.886846882221200
0.3,,,47.86091238938920
0.31,,,47.85124288913550
0.32,,,47.84254271019200
0.33,,,47.822739499097400
0.34,,,47.82854492337600
0.35000000000000000,,,47.92546392417300
0.36,,,48.14891348913420
0.37,,,48.45526572636590
0.38,,,48.90394774549060
0.39,,,50.24783351812460
0.4,,,53.67791643514200
0.41000000000000000,,,59.18167591385550
0.42,,,65.23141399810970
0.43,,Thereâ€™s,70.38674124926910
0.44,,,74.13053656516420
0.45,,,76.51247746782180
0.46,,,77.8112256986778
0.47000000000000000,,,78.39200748145950
0.48,,,78.53570764748820
0.49,,,78.34560656458790
0.5,,,77.88592313375240
0.51,,,77.31375202255980
0.52,,,76.79107673368460
0.53,,,76.39861957514000
0.54,,,76.16500758791780
0.55,,,76.05668221207590
0.56,,,76.00299185084110
0.5700000000000000,,,75.97672475892740
0.58,,,75.93972285531530
0.59,,,75.79484624410280
0.6,,,75.50004404319840
0.61,,,75.09394287588220
0.62,,,74.56809101223960
0.63,,,73.89871598801260
0.64,,,73.27003389730670
0.65,,,73.07502276433970
0.66,,,73.46976724777260
0.67,,,74.11698282224190
0.68,,,74.58779188806190
0.6900000000000000,,,74.7332644035883
0.7000000000000000,,,74.65854266456590
0.71,,,74.58966132490060
0.72,,,74.73958347470990
0.73,,,75.1537006074033
0.74,,,75.64738339511620
0.75,,,75.96127075057080
0.76,,,75.98622694314670
0.77,,,75.84176829047860
0.78,,,75.72483251176070
0.79,,,75.6279705313197
0.8,,,75.29297852400550
0.81,,,74.48375150349790
0.8200000000000000,,,73.19772507746600
0.8300000000000000,,,71.63563626506820
0.84,,,70.07427092185700
0.85,,,68.84911709905490
0.86,,,68.4857293982439
0.87,,,69.53863290695640
0.88,,,71.77443053686550
0.89,,,74.18912299238110
0.9,,,76.10148256674740
0.91,,,77.3151796095846
0.92,,,77.77120295744790
0.93,,,77.52461967564650
0.9400000000000000,,A,76.87041503552590
0.9500000000000000,,,76.26612173143960
0.96,,,75.93040964094990
0.97,,,75.7159273963557
0.98,,,75.49641058981290
0.99,,,75.3189438211665
1.0,545.0,,75.21825314103660
1.01,552.0,,75.17936535713980
1.02,558.0,,75.20739406091050
1.03,561.0,,75.28798355264990
1.04,562.0,,75.34912761754520
1.05,563.0,,75.342600433835
1.06,566.0,,75.30336179238670
1.07,567.0,,75.24017169849480
1.08,569.0,,75.04807316446110
1.09,573.0,,74.64182730739820
1.1,576.0,,74.08822800664370
1.11,578.0,,73.50098424193490
1.12,580.0,,72.89003906370180
1.1300000000000000,593.0,,72.29794642578540
1.1400000000000000,622.0,,72.02456729259250
1.1500000000000000,640.0,,72.34462825358140
1.16,643.0,,73.07345985482620
1.17,655.0,,73.82466049641500
1.18,670.0,,74.42951519007380
1.19,682.0,,74.87479339692160
1.2,693.0,,75.14349275411980
1.21,701.0,,75.22848472473110
1.22,697.0,,75.17767855920410
1.23,689.0,,75.02238778814510
1.24,682.0,,74.71859101458430
1.25,674.0,,74.24870285009720
1.26,665.0,,73.7372845905374
1.27,657.0,,73.36558640509410
1.28,648.0,,73.17842599630440
1.29,644.0,,73.07496744276550
1.3,647.0,,72.9805713815961
1.31,657.0,,72.93584852845270
1.32,681.0,,73.01482239728020
1.33,712.0,,73.22260240101460
1.34,735.0,,73.53584747463300
1.35,756.0,,73.97262515176420
1.36,771.0,,74.50214833416360
1.37,777.0,,74.96023443495650
1.3800000000000000,767.0,,75.18401929505300
1.3900000000000000,744.0,,75.21218037137610
1.4000000000000000,708.0,,75.29986962120150
1.41,672.0,,75.6767520603915
1.42,655.0,,76.29550189384060
1.43,660.0,,76.89867402001090
1.44,675.0,,77.25412282366500
1.45,697.0,,77.25789297921100
1.46,715.0,,76.89730791994160
1.47,720.0,fire,76.17208626922040
1.48,724.0,,75.04250137173
1.49,721.0,,73.41267635102770
1.5,691.0,,71.14255529511510
1.51,673.0,,68.13862586215030
1.52,684.0,,64.60532991164940
1.53,689.0,,61.29531695934160
1.54,688.0,,58.998038036613200
1.55,681.0,,57.707649873561400
1.56,679.0,,56.97297723745440
1.57,666.0,,56.58316308010390
1.58,675.0,,56.54041920548010
1.59,682.0,,57.09082758149660
1.6,676.0,,59.56352029470200
1.61,659.0,,64.61960466727920
1.62,639.0,,70.11633413554150
1.6300000000000000,,,74.19019943886240
1.6400000000000000,,,76.65795086995820
1.6500000000000000,555.0,,77.72311200265480
1.6600000000000000,530.0,,77.77902529967140
1.67,511.0,,77.45276934922650
1.68,495.0,,77.3009079484558
1.69,485.0,,77.3768809854686
1.7,478.0,,77.42607753030950
1.71,472.0,,77.31023881118080
1.72,468.0,,77.03455716776090
1.73,462.0,,76.6959986184219
1.74,462.0,,76.42005111709630
1.75,465.0,,76.22070218609160
1.76,466.0,,76.03907404386740
1.77,459.0,,75.9115439694954
1.78,440.0,,75.91217867286990
1.79,391.0,,75.97720208235070
1.8,345.0,,75.92425543050450
1.81,329.0,,75.62399752291780
1.82,310.0,,75.1276890651886
1.83,307.0,,74.64580033736650
1.84,318.0,,74.31575002153080
1.85,318.0,,74.02270939664230
1.86,292.0,,73.5778339367056
1.87,242.0,,72.96027611110420
1.8800000000000000,189.0,,72.3388561748423
1.8900000000000000,132.0,,71.95917607523010
1.9000000000000000,78.0,,71.9492518219797
1.9100000000000000,62.0,,72.2325514593817
1.92,59.0,,72.63706699416830
1.93,40.0,,72.9576802960906
1.94,20.0,,73.00955272359540
1.95,0.0,,72.7809318825411
1.96,-22.0,,72.50643433732240
1.97,-38.0,,72.50251433998470
1.98,-32.0,,72.81840623133330
1.99,-18.0,,73.13563755814130
2.0,-32.0,,73.09704225076300
2.0100000000000000,-56.0,,72.62144455690330
2.02,-65.0,,71.9718253588844
2.0300000000000000,-68.0,,71.5575861399022
2.04,-71.0,,71.53426538934080
2.05,-71.0,,71.68471589100140
2.06,-69.0,,71.72307521596160
2.07,-64.0,,71.54956471970400
2.08,-59.0,,71.27763383062010
2.09,-56.0,,71.12345910350520
2.1,-53.0,,71.22475600409840
2.11,-51.0,,71.54690343923110
2.12,-44.0,,71.91626627177160
2.13,-38.0,,72.11702851513820
2.14,-37.0,,72.00309451905310
2.15,-43.0,,71.55962296096730
2.16,-62.0,,70.90329957125950
2.17,-80.0,,70.23547022739590
2.18,-83.0,,69.72217478923510
2.19,-86.0,,69.37601792079120
2.2,-84.0,,69.0937613723532
2.21,-76.0,,68.81986545517330
2.22,-76.0,,68.65806193174670
2.23,-63.0,,68.8053199408163
2.24,-29.0,,69.3177442185353
2.25,4.0,,70.00416412869830
2.2600000000000000,27.0,,70.62400709079280
2.27,53.0,,71.03764458916110
2.2800000000000000,57.0,,71.22970347854330
2.29,50.0,,71.32856741557150
2.3000000000000000,25.0,,71.4606200704288
2.31,-21.0,,71.55718438776130
2.32,-57.0,,71.4526021864089
2.33,-71.0,,71.13840845388280
2.34,-84.0,,70.7771973153651
2.35,-85.0,,70.5390139232546
2.36,-62.0,,70.4521642711284
2.37,-50.0,,70.34185162336630
2.38,-37.0,,69.95411387552650
2.39,-26.0,,69.21186834049010
2.4,-12.0,,68.35963018820610
2.41,-29.0,,67.73542067181880
2.42,-55.0,,67.35320710557520
2.43,-60.0,,66.93511341287250
2.44,-69.0,,66.26957836775200
2.45,-69.0,,65.26452315905160
2.46,-63.0,,63.91030227040910
2.47,-62.0,,62.53797583429650
2.48,-61.0,,62.05314781414360
2.49,-58.0,,63.06738026594890
2.5,,,64.93861660393180
2.5100000000000000,,,66.6519492877514
2.52,,,67.72267534345210
2.5300000000000000,,,68.16692698890910
2.54,,Starting,68.38700828918940
2.5500000000000000,,,68.76141947782160
2.56,,,69.2256933381378
2.57,,,69.4993547504682
2.58,,,69.51768219950620
2.59,,,69.3786408624481
2.6,,,69.13336359498320
2.61,,,68.71837626415600
2.62,,,67.98760964728840
2.63,,,66.75471195619920
2.64,,,64.87365333577730
2.65,,,62.3264471429455
2.66,,,59.20940307449830
2.67,,,56.39010242932340
2.68,,,57.89159615042220
2.69,,,64.49993442216610
2.7,,,70.93115758589370
2.71,,,75.26551701301100
2.72,146.0,,77.77028872252090
2.73,264.0,,78.74120031927660
2.74,303.0,,78.5805539608421
2.75,343.0,,77.95202207947140
2.7600000000000000,404.0,,77.50752347793590
2.77,458.0,,77.39380417542100
2.7800000000000000,492.0,,77.33256997159050
2.79,522.0,,77.12793694257770
2.8000000000000000,551.0,,76.85467292942840
2.81,573.0,,76.72128914737480
2.82,589.0,,76.80914351117860
2.83,594.0,,76.97522609321730
2.84,592.0,,77.09155183799600
2.85,595.0,,77.25451823726080
2.86,601.0,,77.60995741645120
2.87,605.0,,78.07805912039590
2.88,605.0,,78.43017690558820
2.89,604.0,,78.49987660256090
2.9,605.0,,78.22441751922190
2.91,611.0,,77.67141007933200
2.92,620.0,,77.09975398011640
2.93,628.0,,76.8616597358029
2.94,633.0,,77.0217743755648
2.95,636.0,,77.2086563925409
2.96,638.0,,77.04099728245320
2.97,635.0,,76.49661372457650
2.98,623.0,,75.8225776460169
2.99,603.0,,75.15853119478540
3.0,566.0,,74.3101109227851
3.0100000000000000,564.0,,72.96475993248740
3.02,590.0,,71.18341950538740
3.0300000000000000,576.0,,69.82117450531640
3.04,555.0,,69.68190131336780
3.0500000000000000,537.0,,70.34651324019950
3.06,533.0,,71.03018521663180
3.0700000000000000,533.0,,71.50243496663970
3.08,537.0,,71.76863785872120
3.09,545.0,,71.92693104342710
3.1,559.0,,72.15722414282520
3.11,577.0,,72.5936200508691
3.12,595.0,,73.20281464613740
3.13,617.0,,73.83509208775200
3.14,633.0,,74.35016820257860
3.15,639.0,,74.66780366733070
3.16,641.0,,74.79039706369950
3.17,646.0,,74.81533232349410
3.18,651.0,,74.84730427921740
3.19,654.0,,74.88530689324890
3.2,657.0,,74.8682706132352
3.21,657.0,,74.76490050543050
3.22,656.0,,74.51090117383430
3.23,655.0,,73.95246662648190
3.24,650.0,,72.92619719911430
3.25,635.0,,71.40335419549680
3.2600000000000000,615.0,,69.60852801131830
3.27,602.0,,68.09278190721940
3.2800000000000000,598.0,In,67.69621824922890
3.29,571.0,,68.88952382748720
3.3000000000000000,554.0,,70.97291587514250
3.31,597.0,,72.79429785754560
3.3200000000000000,637.0,,73.89717092046120
3.33,652.0,,74.37978039660530
3.34,655.0,,74.5074147841105
3.35,638.0,,74.52370990056640
3.36,598.0,,74.59279637167950
3.37,555.0,,74.77819199905170
3.38,531.0,,74.99789984512000
3.39,532.0,,75.06044101312610
3.4,536.0,,74.80850058838410
3.41,534.0,,74.29270599653090
3.42,511.0,,73.92059485276940
3.43,494.0,,74.16257053487850
3.44,494.0,,74.93897953957250
3.45,470.0,,75.7898349141417
3.46,423.0,,76.43828515516800
3.47,368.0,,76.82300157898190
3.48,316.0,,76.96876880022470
3.49,272.0,,76.90582854343940
3.5,265.0,My,76.68580360369910
3.5100000000000000,249.0,,76.4474202261232
3.52,240.0,,76.28301249790990
3.5300000000000000,249.0,,76.02189705091270
3.54,247.0,,75.42851434675130
3.5500000000000000,234.0,,74.60249625617470
3.56,232.0,,73.91376316246890
3.5700000000000000,235.0,,73.49805345229760
3.58,237.0,,73.13321214619590
3.59,238.0,,72.6769066481936
3.6,248.0,,72.25880098544870
3.61,255.0,,72.1527083760968
3.62,254.0,,72.72834050878460
3.63,249.0,,74.13780558921730
3.64,258.0,,75.84991372544050
3.65,269.0,,77.08900370562670
3.66,265.0,,77.55744793642270
3.67,268.0,,77.4443106097855
3.68,270.0,,77.15725356861340
3.69,276.0,,77.02717258564490
3.7,277.0,,77.11780766331870
3.71,277.0,,77.29211041952180
3.72,276.0,,77.38946819476840
3.73,272.0,,77.33251916822030
3.74,274.0,,77.14905455145940
3.75,276.0,,76.92542942590480
3.7600000000000000,284.0,,76.69170135617000
3.77,290.0,,76.37126614280260
3.7800000000000000,291.0,,75.92113467040950
3.79,287.0,,75.49167286721970
3.8000000000000000,289.0,,75.29948739006470
3.81,293.0,,75.34141299274320
3.8200000000000000,286.0,,75.43024012400690
3.83,279.0,,75.41310661490450
3.84,283.0,,75.20160651054160
3.85,292.0,,74.75979075662990
3.86,297.0,,74.20122051936380
3.87,298.0,,73.81123173200580
3.88,291.0,,73.82248074682490
3.89,298.0,,74.19397687462520
3.9,303.0,,74.73317328149340
3.91,301.0,,75.32154142982150
3.92,308.0,,75.87733114687160
3.93,315.0,,76.24330333633190
3.94,324.0,,76.29313358229890
3.95,332.0,,76.12881876394380
3.96,339.0,,76.0330093626469
3.97,336.0,,76.13918470284680
3.98,339.0,,76.33818987740300
3.99,344.0,heart,76.50366720063700
4.0,345.0,,76.556471833748
4.01,350.0,,76.42716874314020
4.0200000000000000,339.0,,76.07175960627790
4.03,325.0,,75.42457537060070
4.04,301.0,,74.42332547275520
4.05,252.0,,73.12913699943770
4.0600000000000000,155.0,,71.71249754499100
4.07,42.0,,70.34014202853350
4.08,-69.0,,69.13351648435020
4.09,-198.0,,68.13956540851000
4.1,-310.0,,67.23959398392260
4.11,-366.0,,66.2316262302103
4.12,,,65.09254999307330
4.13,,,64.23733244322660
4.14,,,64.44615571574510
4.15,,,65.97133508948900
4.16,,,68.26721635913290
4.17,-169.0,,70.87165670239260
4.18,-52.0,,73.47640904639350
4.19,42.0,,75.64746390165250
4.2,88.0,,77.08064193229420
4.21,77.0,,77.75110399569350
4.22,48.0,,77.83632905125270
4.23,29.0,,77.58571443346870
4.24,18.0,,77.19200964534910
4.25,5.0,,76.76806788871570
4.26,-9.0,,76.37600229870080
4.2700000000000000,-22.0,,76.03384484320670
4.28,-37.0,,75.73024657729820
4.29,-48.0,,75.37386726909130
4.3,-40.0,,74.79240615020420
4.3100000000000000,-30.0,,73.98993754273510
4.32,-9.0,,73.34412073230820
4.33,1.0,,73.22278693743940
4.34,-11.0,,73.4502227613611
4.3500000000000000,-16.0,,73.51030754337750
4.36,-5.0,,73.06700869968410
4.37,3.0,,72.1855706002014
4.38,14.0,,71.33210857439180
4.39,23.0,,70.89652904767720
4.4,22.0,,70.73582027031550
4.41,-3.0,,70.55318034969860
4.42,-22.0,,70.27802521705900
4.43,-22.0,,69.9420772614705
4.44,-20.0,,69.56092978272780
4.45,-26.0,,69.09419336696650
4.46,-27.0,,68.44703113299940
4.47,-6.0,,67.57042566641320
4.48,4.0,,66.54134118010370
4.49,7.0,,65.54783769323070
4.5,12.0,,64.86327065174670
4.51,16.0,,64.72194078591790
4.5200000000000000,16.0,,65.0338830628008
4.53,22.0,,65.40502105086660
4.54,19.0,,65.52533797539030
4.55,1.0,,65.35975539077670
4.5600000000000000,-15.0,,65.0361772067187
4.57,-37.0,,64.63222361716310
4.58,-66.0,,64.09744269241880
4.59,-121.0,,63.418930427532100
4.6000000000000000,-124.0,,62.74180067051340
4.61,-55.0,,62.20125631891210
4.62,-37.0,,61.70995052266060
4.63,-23.0,,60.99920973850910
4.64,-9.0,,59.881835391962900
4.65,-10.0,,58.56826786529440
4.66,-5.0,,57.62559525899470
4.67,-18.0,,57.26851222888500
4.68,-18.0,,57.12900601723120
4.69,-20.0,,56.92491339734070
4.7,,,56.64873956129080
4.71,,,56.36194759852130
4.72,,,56.254322362575100
4.73,,,56.46350987164330
4.74,-13.0,,56.748121009921800
4.75,-12.0,,56.78166133531990
4.76,,,56.558912876958
4.7700000000000000,,,56.273194193850500
4.78,,,56.10976851198260
4.79,,,56.213068643605000
4.8,,,56.52739195089100
4.8100000000000000,,,56.7511464870588
4.82,,,56.77273195926330
4.83,,,56.949802275787000
4.84,,,57.61615597987390
4.8500000000000000,,,58.532063174489900
4.86,-338.0,,59.207874181318100
4.87,-410.0,,59.37819955243420
4.88,-468.0,,58.9734643686908
4.89,,,58.02789213613190
4.9,,,56.732430513303000
4.91,,,55.44220011400110
4.92,,,54.46467853094690
4.93,,,53.812519269436100
4.94,,,53.68759896706810
4.95,,,55.792335125245800
4.96,,,60.93183094635450
4.97,,,66.80093294028330
4.98,,,71.6457443447886
4.99,-38.0,,75.30158954086740
5.0,131.0,,77.83778000241240
5.01,270.0,,79.3175521680344
5.0200000000000000,377.0,,79.84202202603520
5.03,467.0,,79.64683555743970
5.04,546.0,,79.18481815186880
5.05,598.0,,78.94392124736260
5.0600000000000000,632.0,,79.03335208978650
5.07,641.0,,79.22247141269730
5.08,649.0,,79.356892396045
5.09,663.0,,79.4334003486406
5.1000000000000000,674.0,,79.46282505052530
5.11,677.0,,79.46699923230900
5.12,669.0,,79.51039313838400
5.13,669.0,,79.60234346474590
5.14,682.0,,79.63766971524580
5.15,687.0,,79.51622844436390
5.16,682.0,,79.24094588297810
5.17,684.0,,78.89908560963260
5.18,690.0,,78.62231585844590
5.19,692.0,,78.4992132526981
5.2,691.0,,78.44708105360230
5.21,678.0,,78.25609998031390
5.22,676.0,,77.79211729660460
5.23,683.0,,77.0235575178001
5.24,683.0,,75.84645646898800
5.25,692.0,,74.01337141822390
5.26,685.0,,71.28070933581030
5.2700000000000000,658.0,,67.65149956127260
5.28,655.0,,63.80296002060380
5.29,658.0,,61.158696600117900
5.3,658.0,,60.326925682961600
5.3100000000000000,670.0,,60.37139424969030
5.32,690.0,,60.5766532623405
5.33,688.0,,61.104810953923900
5.34,663.0,,62.06604950631210
5.3500000000000000,646.0,,63.11522687440530
5.36,621.0,,64.03035766812410
5.37,600.0,,65.02246127919820
5.38,,,66.34171673228670
5.39,,,67.82464303760940
5.4,,,69.03308317817910
5.41,,,69.73158056850920
5.42,,,70.51593463257890
5.43,,,72.56053333024590
5.44,,,75.59265178053060
5.45,708.0,,78.10268004328760
5.46,771.0,,79.4725036165908
5.47,851.0,,79.81143079282110
5.48,908.0,,79.46320286666440
5.49,945.0,,78.8824654636636
5.5,974.0,,78.48477073113170
5.51,997.0,,78.40575533026570
5.5200000000000000,1005.0,,78.48725747668920
5.53,995.0,,78.56387343646140
5.54,993.0,,78.59762292052900
5.55,996.0,,78.60845820509330
5.5600000000000000,995.0,,78.62911223524470
5.57,995.0,,78.6376220333144
5.58,999.0,,78.50010455389660
5.59,999.0,,78.13565826753470
5.6000000000000000,994.0,,77.7145994719087
5.61,989.0,,77.43551121814610
5.62,990.0,,77.13391800697450
5.63,982.0,,76.42899516022310
5.64,955.0,,75.16939453883870
5.65,938.0,,73.55829326595570
5.66,899.0,,71.87784887523820
5.67,914.0,,70.06991585171240
5.68,971.0,,67.8397677822541
5.69,938.0,,65.53803994097860
5.7,948.0,,64.60511596910040
5.71,978.0,,65.78488245021150
5.72,831.0,,67.97912145503460
5.73,622.0,,69.99593035558260
5.74,576.0,,71.48578309368330
5.75,541.0,,72.54962406962000
5.76,536.0,,73.3708206818784
5.7700000000000000,528.0,,74.05836626446250
5.78,517.0,,74.65499086046610
5.79,509.0,,75.13623271173190
5.8,507.0,,75.45032839888310
5.8100000000000000,505.0,,75.61416957786040
5.82,506.0,,75.64872863506750
5.83,500.0,,75.5152830337566
5.84,486.0,,75.25089453740850
5.8500000000000000,486.0,,75.01031063860800
5.86,485.0,,74.95580741048140
5.87,496.0,,75.16771504465580
5.88,506.0,,75.51364726910500
5.89,511.0,,75.7091090210134
5.9,513.0,,75.62791307223360
5.91,517.0,,75.37981257693590
5.92,527.0,,75.09639017493900
5.93,536.0,,74.8174486025237
5.94,543.0,,74.61835168530540
5.95,555.0,,74.57861238137520
5.96,570.0,,74.57756319005010
5.97,589.0,,74.4620776135788
5.98,602.0,,74.34104268911750
5.99,612.0,,74.3844312733582
6.0,617.0,,74.48185006370670
6.01,620.0,,74.3421320081673
6.0200000000000000,621.0,,73.73046524704990
6.03,604.0,,72.49572921120850
6.04,577.0,,70.58583749127540
6.05,562.0,,68.1858248870625
6.0600000000000000,,,65.83520016339460
6.07,,,64.09045310134790
6.08,,,62.93399649221070
6.09,,,61.936102079013400
6.1000000000000000,,,60.90092137212880
6.11,,,60.073819435074600
6.12,,,59.8854739882842
6.13,,,60.40753268997110
6.140000000000000,,,61.18643429773000
6.15,,,61.82486147556040
6.16,,,62.69621109038070
6.17,,,64.98903582960310
6.18,,,68.90097776625450
6.19,531.0,,72.89862675167050
6.2,577.0,,75.82965499013400
6.21,619.0,,77.53059373866900
6.22,620.0,,78.21089711487180
6.23,606.0,,78.25358166504170
6.24,590.0,,78.05622058573950
6.25,575.0,,77.80120164828470
6.26,563.0,,77.46360556774000
6.2700000000000000,553.0,,77.0832756978429
6.28,544.0,,76.8653994182417
6.29,537.0,,76.93833141123340
6.3,528.0,,77.17329787197940
6.3100000000000000,516.0,,77.39299847185110
6.32,506.0,,77.58579068724500
6.33,500.0,,77.78333258968800
6.34,499.0,,77.88739961481540
6.3500000000000000,500.0,,77.77604466450560
6.36,501.0,,77.53907637851580
6.37,506.0,,77.37659077835770
6.38,513.0,,77.17145242243710
6.390000000000000,510.0,,76.4407349976011
6.4,485.0,,74.72571676615800
6.41,464.0,,71.81453367587250
6.42,,,68.03833503732340
6.43,,,65.08841882335910
6.44,,,65.19709564367480
6.45,108.0,,68.22934080373900
6.46,242.0,,71.94535666153810
6.47,292.0,,74.87537369214330
6.48,306.0,,76.79274672142380
6.49,287.0,,77.85484549725400
6.5,270.0,,78.24808462194990
6.51,259.0,,78.14112674457310
6.5200000000000000,254.0,,77.80999469452080
6.53,254.0,,77.69325444853620
6.54,262.0,,77.99942935151060
6.55,266.0,,78.40883970522360
6.5600000000000000,269.0,,78.518295440601
6.57,279.0,,78.25719989405130
6.58,289.0,,77.78891498363980
6.59,301.0,,77.30720397549860
6.6000000000000000,310.0,,76.93195234534570
6.61,316.0,,76.72161748039850
6.62,320.0,,76.73132686532940
6.63,324.0,,76.94847244907500
6.640000000000000,325.0,,77.21165944462640
6.65,317.0,,77.29629544629240
6.66,297.0,,76.95925862579260
6.67,284.0,,75.90260233330280
6.68,291.0,,73.85588142495310
6.69,310.0,,70.7812599158337
6.7,316.0,,67.28306875276390
6.71,312.0,,64.68679921123390
6.72,304.0,,63.547935195402400
6.73,296.0,,63.00922083125830
6.74,295.0,,62.623165441452000
6.75,275.0,,63.22702176688650
6.76,256.0,,65.54002044028870
6.7700000000000000,,,68.67515728201520
6.78,-132.0,,71.31826375369410
6.79,2.0,,73.0484631079983
6.8,25.0,,73.98695101652440
6.8100000000000000,6.0,,74.44463911850960
6.82,-4.0,,74.69551677829560
6.83,-14.0,,74.79724371235320
6.84,-27.0,,74.6261333069018
6.8500000000000000,-44.0,,74.05844309212820
6.86,-47.0,,73.08630433456680
6.87,-41.0,,71.82257826201710
6.88,-46.0,,70.38599275309980
6.890000000000000,-58.0,,68.72825836518720
6.9,-63.0,,66.6572607147826
6.91,,,64.17271086740300
6.92,,,61.85244961036900
6.93,,,60.497566285453700
6.94,,,60.16283213863050
6.95,,,60.32720145804170
6.96,,,60.68915168219960
6.97,,,61.27175263710650
6.98,,,62.387878320657500
6.99,,,64.04351894282100
7.0,,,65.5550391985867
7.01,,,66.43066707322070
7.0200000000000000,,,67.09644323880630
7.03,,,68.2963067202183
7.04,-60.0,,69.9323381469921
7.05,-16.0,,71.36707822648050
7.0600000000000000,20.0,,72.41876557070060
7.07,17.0,,73.20005127727130
7.08,0.0,,73.72945237991530
7.09,-25.0,,73.9899482142503
7.1000000000000000,-37.0,,74.12424334190150
7.11,-35.0,,74.33340761884110
7.12,-36.0,,74.60599988535580
7.13,-43.0,,74.71703545131620
7.140000000000000,-50.0,,74.44626537823920
7.15,-35.0,,73.69714401490730
7.16,-30.0,,72.50245879836670
7.17,-99.0,,70.95935466534370
7.18,-156.0,,69.1417056066046
7.19,,,67.13659179992100
7.2,,,65.12147035700040
7.21,,,63.239326190603800
7.22,-54.0,,61.51319954948500
7.23,-50.0,,59.994288709792600
7.24,-51.0,,58.74846410160780
7.25,,,57.77108146251240
7.26,,,57.107741068332
7.2700000000000000,1179.0,,57.015299952317200
7.28,1162.0,,58.512504953476200
7.29,1156.0,,62.271802084263700
7.3,,,66.80749213111730
7.3100000000000000,,,70.468156458908
7.32,25.0,,73.00584864198980
7.33,145.0,,74.67889809442860
7.34,180.0,,75.84806798149590
7.3500000000000000,188.0,,76.7345738506648
7.36,194.0,,77.29712434861390
7.37,197.0,,77.42538769840010
7.38,198.0,,77.16264175110460
7.390000000000000,206.0,,76.65460368090760
7.4,221.0,,75.98948556175540
7.41,230.0,,75.21188100969380
7.42,231.0,,74.4819443587988
7.43,227.0,,74.08551861079710
7.44,222.0,,74.15034312922550
7.45,223.0,,74.48581833526260
7.46,230.0,,74.84307803190750
7.47,232.0,,75.08854677275640
7.48,222.0,,75.15263101957100
7.49,222.0,,75.08720309220990
7.5,232.0,,75.06521123326190
7.51,237.0,,75.17426639591520
7.5200000000000000,237.0,,75.35971814029300
7.53,239.0,,75.5751850473963
7.54,244.0,,75.80479642143990
7.55,244.0,,76.00859879692030
7.5600000000000000,248.0,,76.16112909223080
7.57,253.0,,76.2703372813303
7.58,263.0,,76.29611962167630
7.59,270.0,,76.12522783571980
7.6000000000000000,278.0,,75.73009115766990
7.61,277.0,,75.33758610945140
7.62,275.0,,75.26226191128390
7.63,276.0,,75.5161477991522
7.640000000000000,269.0,,75.85175959312280
7.65,269.0,,76.12413112520200
7.66,269.0,,76.32201041971630
7.67,264.0,,76.42364739275270
7.68,261.0,,76.39178777166450
7.69,260.0,,76.24519225028540
7.7,262.0,,76.0918208437837
7.71,264.0,,76.07291928775310
7.72,264.0,,76.24138225363510
7.73,266.0,,76.5123601010455
7.74,270.0,,76.74729430830080
7.75,297.0,,76.87209036901050
7.76,314.0,,76.90282861248450
7.7700000000000000,299.0,,76.84301644190040
7.78,264.0,,76.62361365743250
7.79,212.0,,76.23058491620340
7.8,232.0,,75.81126868894560
7.8100000000000000,275.0,,75.53578977641020
7.82,289.0,,75.44402941697930
7.83,281.0,,75.51024551041430
7.84,274.0,,75.67817624135890
7.8500000000000000,266.0,,75.83099580548240
7.86,234.0,,75.95018646233400
7.87,215.0,,76.16922887179720
7.88,208.0,,76.45479060830760
7.890000000000000,211.0,,76.48427820716890
7.9,218.0,,76.03024689678420
7.91,231.0,,75.33437522545700
7.92,257.0,,75.02417195282650
7.930000000000000,291.0,,75.42517824130420
7.94,317.0,,76.15430022825750
7.95,330.0,,76.67380483421300
7.96,328.0,,76.77606487217710
7.97,308.0,,76.54027762028780
7.98,276.0,,76.15378486849200
7.99,248.0,,75.75982943379570
8.0,220.0,,75.4093653649886
8.01,191.0,,75.10614925276170
8.02,188.0,,74.89624733135090
8.03,199.0,,74.87815379086010
8.040000000000000,212.0,,75.02106925739990
8.05,223.0,,75.07781251787920
8.06,206.0,,74.7776093428115
8.07,197.0,,73.97156380205760
8.08,191.0,,72.59642197003690
8.09,176.0,,70.64738751743110
8.1,185.0,,68.32955960650470
8.11,221.0,,66.25121556330420
8.120000000000000,220.0,,64.91602429838610
8.13,215.0,,64.0313440397873
8.14,230.0,,63.13158942309740
8.15,257.0,,62.32471991007450
8.16,254.0,,62.197011874233600
8.17,247.0,,63.83123265703990
8.18,260.0,,67.4035309174989
8.19,,,71.30420879970020
8.2,-14.0,,74.24887846165010
8.21,24.0,,75.97500648048060
8.22,-2.0,,76.48251829333000
8.23,-10.0,,75.7825369940545
8.24,-83.0,,73.91030910480840
8.25,-209.0,,71.16353928759780
8.26,-318.0,,68.44927431048480
8.27,-324.0,,66.66590043608370
8.28,-223.0,,65.68636019161660
8.290000000000000,-221.0,,65.02502955029650
8.3,-330.0,,64.71591955703330
8.31,-456.0,,65.3703558197835
8.32,-366.0,,67.55583567955760
8.33,-132.0,,70.50515266755600
8.34,7.0,,72.88276105403930
8.35,-5.0,,74.25633023098010
8.36,-26.0,,74.8785951812313
8.370000000000000,-25.0,,75.22078774923260
8.38,-15.0,,75.54486404803890
8.39,-6.0,,75.74166977114980
8.4,-10.0,,75.64186808594560
8.41,-18.0,,75.29346901871220
8.42,-24.0,,74.91801986902910
8.43,-25.0,,74.7068297927953
8.44,-33.0,,74.68089485273880
8.45,-36.0,,74.71142932024660
8.46,-28.0,,74.60298507505610
8.47,-17.0,,74.218714263108
8.48,0.0,,73.62571305025310
8.49,22.0,,73.07124488650790
8.5,47.0,,72.75897464531680
8.51,64.0,,72.7233498806643
8.52,82.0,,72.8877255845158
8.53,93.0,,73.11386675892330
8.540000000000000,80.0,,73.28523364190480
8.55,56.0,,73.36689958651690
8.56,30.0,,73.30876280450050
8.57,-1.0,,73.00991028108960
8.58,-38.0,,72.49154105332450
8.59,-58.0,,72.00050169985550
8.6,-54.0,,71.75536337083250
8.61,-40.0,,71.67995915782070
8.620000000000000,-36.0,,71.57333951003790
8.63,-23.0,,71.31959835820910
8.64,3.0,,70.86138256640680
8.65,33.0,,70.28270756084890
8.66,64.0,,69.86872400407170
8.67,63.0,,69.74394758568570
8.68,66.0,,69.66428295058610
8.69,70.0,,69.44601445782550
8.700000000000000,60.0,,69.210312516966
8.71,37.0,,69.11021031333990
8.72,-2.0,,69.13598783850050
8.73,-21.0,,69.21982972564820
8.74,-24.0,,69.33189842979070
8.75,-20.0,,69.42231832760890
8.76,-22.0,,69.41365339151810
8.77,-29.0,,69.32916946928530
8.78,-18.0,,69.28425457839740
8.790000000000000,-6.0,,69.2697200909056
8.8,-9.0,,69.13887680768410
8.81,-26.0,,68.86097141159590
8.82,-36.0,,68.56514387275230
8.83,-34.0,,68.3090131134844
8.84,-39.0,,68.00752309879510
8.85,-32.0,,67.58844280185030
8.86,-29.0,,67.01970895745250
8.870000000000000,-32.0,,66.21862050566250
8.88,-34.0,,65.07150055829720
8.89,-36.0,,63.52079805737360
8.9,-18.0,,61.60221655116530
8.91,-2.0,,59.45332304213810
8.92,-4.0,,57.34205610244130
8.93,,,55.61780350101580
8.94,,,54.49037410480040
8.950000000000000,,,53.96784423874310
8.96,,,53.979735531635700
8.97,,,54.33206047569740
8.98,-2.0,,54.85687302161230
8.99,,,55.65076486192560
9.0,,,56.88041036473280
9.01,-3.0,,58.51342917341280
9.02,-4.0,,60.20015823645450
9.03,,,61.395594670935000
9.040000000000000,,,61.73447078383260
9.05,,,61.17522902074020
9.06,,,59.87531727812720
9.07,,,58.07962539591390
9.08,,,56.165797675994100
9.09,,,54.6659683009514
9.1,,,53.85790077307530
9.11,,,53.44628222248430
9.120000000000000,,,53.07343337861490
9.13,,,52.89216617857090
9.14,,,53.269691064813200
9.15,,,54.06822843984260
9.16,,,54.752615972150100
9.17,4.0,,55.076865715575900
9.18,1.0,,55.17421281032330
9.19,-3.0,,55.19410411211790
9.200000000000000,0.0,,55.109149609095500
9.21,-5.0,,54.88465369603290
9.22,,,54.62307313112400
9.23,,,54.475563479140000
9.24,,,54.52292122021890
9.25,,,54.75414420819930
9.26,,,55.14285939230250
9.27,,,55.687368212113200
9.28,,,56.30543864730430
9.290000000000000,,,56.810951519991500
9.3,,,57.09490971247490
9.31,,,57.221263954381900
9.32,,,57.289353589691300
9.33,,,57.2958647721832
9.34,,,57.17959543972850
9.35,,,56.91777039536900
9.36,,,56.56027232890850
9.370000000000000,,,56.25214103246230
9.38,,,56.16834346212180
9.39,,,56.2731038845232
9.4,,,56.22333866490190
9.41,-21.0,,55.63423689699290
9.42,-27.0,,54.35546979551110
9.43,,,52.60315657137780
9.44,,,51.00814510898980
9.450000000000000,,,50.20095848819060
9.46,,,50.28666320726150
9.47,,,51.30542111824760
9.48,,,53.534838000695300
9.49,,,56.60612756480350
9.5,,,59.53482389208920
9.51,,,61.736714474768900
9.52,,,63.219655110482100
9.53,,,64.57012078572090
9.540000000000000,,,66.93082295079970
9.55,,,70.63276157995330
9.56,,,74.48201216154390
9.57,7.0,,77.37019162195740
9.58,166.0,,78.9566629447188
9.59,267.0,,79.23842849135150
9.6,343.0,,78.45742725991250
9.61,400.0,,77.30024950364500
9.620000000000000,435.0,,76.71401706014580
9.63,459.0,,76.91924501158230
9.64,496.0,,77.27399331539300
9.65,529.0,,77.32500118851360
9.66,547.0,,77.14963153661160
9.67,555.0,,77.03036214771890
9.68,563.0,,77.08917155779650
9.69,573.0,,77.22323964389720
9.700000000000000,580.0,,77.330735634389
9.71,586.0,,77.3849627572898
9.72,600.0,,77.36678847476830
9.73,613.0,,77.29286311921940
9.74,621.0,,77.21365784120080
9.75,625.0,,77.12777218893680
9.76,635.0,,77.04071617618500
9.77,643.0,,77.02270373770310
9.78,647.0,,77.03747382958900
9.790000000000000,657.0,,76.93593519567830
9.8,667.0,,76.71729294706190
9.81,677.0,,76.53540417772750
9.82,686.0,,76.42177340128710
9.83,689.0,,76.20708949923040
9.84,693.0,,75.7522658712075
9.85,696.0,,75.14882324472630
9.86,696.0,,74.65739748309010
9.870000000000000,698.0,,74.44184604777220
9.88,701.0,,74.40872625745190
9.89,705.0,,74.3448362885399
9.9,707.0,,74.14020235385910
9.91,707.0,,73.84025438892850
9.92,707.0,,73.51916212845310
9.93,706.0,,73.1877955139313
9.94,701.0,,72.85814667258290
9.950000000000000,689.0,,72.58677982798470
9.96,671.0,,72.43960757076360
9.97,639.0,,72.50795885690530
9.98,606.0,,72.85506738044830
9.99,580.0,,73.40616255850120
10.0,563.0,,74.05076619224460
10.01,545.0,,74.73409657288130
10.02,528.0,,75.3401890001106
10.03,516.0,,75.68523432476960
10.040000000000000,511.0,,75.66089576924510
10.05,519.0,,75.30468622849720
10.06,532.0,,74.75858309192210
10.07,544.0,,74.17006439631460
10.08,556.0,,73.67607977821720
10.09,565.0,,73.46186390601580
10.1,576.0,,73.60679196507690
10.11,588.0,,73.93611260472780
10.120000000000000,603.0,,74.24189938508970
10.13,615.0,,74.45742575501440
10.14,627.0,,74.61081373656140
10.15,640.0,,74.81697491174160
10.16,646.0,,75.18687471685540
10.17,654.0,,75.65244239083290
10.18,658.0,,76.03513660705440
10.19,660.0,,76.26447529068540
10.200000000000000,661.0,,76.38958086512930
10.21,660.0,,76.43779868430510
10.22,660.0,,76.39831451680880
10.23,661.0,,76.31698077171530
10.24,659.0,,76.2736667268823
10.25,658.0,,76.28943789102050
10.26,656.0,,76.33908040681660
10.27,656.0,,76.40512036983500
10.28,658.0,,76.4579189616571
10.290000000000000,664.0,,76.4186649718433
10.3,676.0,,76.23600730595720
10.31,694.0,,76.04568272963720
10.32,712.0,,76.12140173915960
10.33,731.0,,76.5373916395566
10.34,744.0,,77.06272345668000
10.35,745.0,,77.43371223671830
10.36,739.0,,77.50338570433310
10.370000000000000,725.0,,77.25941476558950
10.38,707.0,,76.87765793649060
10.39,688.0,,76.57968331521730
10.4,666.0,,76.35192859973140
10.41,653.0,,76.03211035168290
10.42,646.0,,75.64803378179150
10.43,645.0,,75.42089101587070
10.44,649.0,,75.45747356912180
10.450000000000000,660.0,,75.64594813003520
10.46,679.0,,75.87534483310540
10.47,701.0,,76.11681410546820
10.48,712.0,,76.29246544859500
10.49,718.0,,76.29233254371470
10.5,719.0,,76.1089733593835
10.51,717.0,,75.80855516637950
10.52,709.0,,75.42074150217030
10.53,693.0,,74.97728011059930
10.540000000000000,674.0,,74.57797410300770
10.55,658.0,,74.27121318837890
10.56,649.0,,73.91500887674920
10.57,652.0,,73.26183975518630
10.58,665.0,,72.17706671204160
10.59,691.0,,70.74375804308070
10.6,732.0,,69.10361876029120
10.61,757.0,,67.24488783448310
10.620000000000000,,,65.18894291921940
10.63,658.0,,63.329843903225700
10.64,667.0,,62.07687111800810
10.65,673.0,,61.29105470265400
10.66,673.0,,60.69385382562040
10.67,667.0,,60.358958207330700
10.68,664.0,,60.41060404163720
10.69,676.0,,60.94274219950290
10.700000000000000,666.0,,62.22484864114520
10.71,649.0,,64.25554571709800
10.72,576.0,,66.5410651965432
10.73,481.0,,68.64016159845280
10.74,494.0,,70.32681071901460
10.75,522.0,,71.46873458938610
10.76,505.0,,72.064253043468
10.77,492.0,,72.27478674612000
10.78,486.0,,72.35671166420820
10.790000000000000,483.0,,72.52170232487840
10.8,485.0,,72.80231602063600
10.81,491.0,,73.06288975375500
10.82,497.0,,73.14999856656110
10.83,495.0,,72.98622056847600
10.84,483.0,,72.58106152842900
10.85,459.0,,72.10329012570410
10.86,416.0,,71.89550252654450
10.870000000000000,368.0,,72.14148427098910
10.88,347.0,,72.63605816187810
10.89,355.0,,73.15751952991140
10.9,380.0,,73.7058981160458
10.91,408.0,,74.20842947746620
10.92,414.0,,74.39817957189430
10.93,376.0,,74.10866778848460
10.94,302.0,,73.49304929506340
10.950000000000000,224.0,,72.8739078354494
10.96,137.0,,72.42379025785470
10.97,62.0,,72.1383027650913
10.98,22.0,,72.05132177907850
10.99,-17.0,,72.2019895880117
11.0,-40.0,,72.44488065013080
11.01,-58.0,,72.54408575976790
11.02,-71.0,,72.46456173163640
11.03,-70.0,,72.38078996828980
11.040000000000000,-62.0,,72.36539895658590
11.05,-54.0,,72.25934226753060
11.06,-51.0,,71.92351154432620
11.07,-44.0,,71.44966636234490
11.08,-26.0,,71.03248427434690
11.09,-16.0,,70.70548012898330
11.1,-25.0,,70.36485407770340
11.11,-28.0,,70.06012073349380
11.120000000000000,-22.0,,70.16161992565910
11.13,-38.0,,71.14162012086570
11.14,-53.0,,72.89879565707280
11.15,-39.0,,74.58263770442110
11.16,-11.0,,75.37105930470160
11.17,-54.0,,74.9670680923775
11.18,-110.0,,73.7775461691552
11.19,-88.0,,73.09772327780050
11.200000000000000,-63.0,,73.75181240424190
11.21,-45.0,,74.96465480194380
11.22,-34.0,,75.87482924522580
11.23,-29.0,,76.34834272264120
11.24,-25.0,,76.46945789335100
11.25,-19.0,,76.35121207154450
11.26,-11.0,,76.14421921073820
11.27,-7.0,,76.00678920219180
11.28,-13.0,,75.98421118507330
11.290000000000000,-22.0,,75.99376128075800
11.3,-25.0,,75.99377413976780
11.31,-19.0,,76.05939172400340
11.32,4.0,,76.22990696873100
11.33,37.0,,76.40454412774660
11.34,73.0,,76.47060548613380
11.35,105.0,,76.43424136467520
11.36,126.0,,76.37632131326640
11.370000000000000,131.0,,76.35918137783300
11.38,115.0,,76.40653879610000
11.39,85.0,,76.50622741379330
11.4,63.0,,76.5906098437128
11.41,30.0,,76.55147793256580
11.42,-11.0,,76.30408473663270
11.43,-30.0,,75.83935676254310
11.44,-33.0,,75.2247936148971
11.450000000000000,-28.0,,74.54109480396810
11.46,-16.0,,73.76193539049260
11.47,-1.0,,72.72039722469140
11.48,18.0,,71.27522292898200
11.49,29.0,,69.47314743666030
11.5,4.0,,67.48936197669980
11.51,-21.0,,65.49594550443670
11.52,-24.0,,63.664230215254300
11.53,9.0,,62.131228662024900
11.540000000000000,46.0,,60.95584209605890
11.55,44.0,,60.5472450722173
11.56,50.0,,61.7569140362043
11.57,30.0,,64.33324623566080
11.58,5.0,,66.7967431008758
11.59,24.0,,68.41954384325850
11.6,11.0,,69.43857064744330
11.61,-36.0,,70.28817425626830
11.620000000000000,-41.0,,71.04896913746590
11.63,-23.0,,71.48067644561120
11.64,-35.0,,71.45581661966090
11.65,-35.0,,71.11812910644360
11.66,-24.0,,70.78036512023970
11.67,-28.0,,70.75922156147660
11.68,-22.0,,71.12487981270480
11.69,-7.0,,71.5583183650468
11.700000000000000,-3.0,,71.56846093108310
11.71,-7.0,,70.81164236255230
11.72,-9.0,,69.31217675675350
11.73,,,67.74918660706400
11.74,,,67.08992980960350
11.75,,,67.32656706069470
11.76,,,67.62036873792740
11.77,,,67.57833656906700
11.78,,,67.33909882375080
11.790000000000000,,,67.16562609868840
11.8,,,67.23078671672400
11.81,,,67.54884577702670
11.82,,,67.92729742742950
11.83,,,68.09213946266370
11.84,,,67.93704462573890
11.85,,,67.53290033887320
11.86,,,67.15875304928900
11.870000000000000,,,67.88519941607980
11.88,,,70.50741972625590
11.89,548.0,,73.77866850345910
11.9,550.0,,76.20744115707580
11.91,567.0,,77.58255941451200
11.92,587.0,,78.21180453966580
11.93,601.0,,78.49279093419010
11.94,605.0,,78.67298645331220
11.950000000000000,611.0,,78.81717740276340
11.96,624.0,,78.95315228722510
11.97,637.0,,79.06541450864510
11.98,648.0,,79.0435100294319
11.99,666.0,,78.82453679397130
12.0,678.0,,78.54544540031500
12.01,683.0,,78.47589559464580
12.02,686.0,,78.7531499094016
12.030000000000000,694.0,,79.22119256329970
12.040000000000000,701.0,,79.57123215140440
12.05,709.0,,79.54423395817540
12.06,724.0,,79.0439348655328
12.07,731.0,,78.22829650877910
12.08,729.0,,77.45942016604670
12.09,727.0,,77.0271496906044
12.1,720.0,,77.03882943806950
12.11,712.0,,77.53042789527670
12.120000000000000,696.0,,78.38664499347370
12.13,678.0,,79.33262670275010
12.14,665.0,,80.0993756497987
12.15,655.0,,80.4467935032715
12.16,639.0,,80.17702821995130
12.17,608.0,,79.27734451525630
12.18,581.0,,78.16284530647870
12.19,572.0,,77.58775673217500
12.200000000000000,585.0,,77.7841401546027
12.21,601.0,,78.23588735391880
12.22,610.0,,78.6085796738775
12.23,628.0,,78.95405233377860
12.24,652.0,,79.24013999966270
12.25,659.0,,79.27003250728280
12.26,667.0,,78.97360356446700
12.27,688.0,,78.57817707186080
12.280000000000000,709.0,,78.39278566164980
12.290000000000000,719.0,,78.4278342399403
12.3,721.0,,78.41946246548620
12.31,713.0,,78.1538008513192
12.32,710.0,,77.6043702074173
12.33,716.0,,76.95438052145360
12.34,716.0,,76.45867501119300
12.35,689.0,,76.03903733792660
12.36,635.0,,75.19111797336780
12.370000000000000,625.0,,73.3927296971499
12.38,649.0,,70.37176108975410
12.39,664.0,,66.2402266517537
12.4,671.0,,62.01979139380910
12.41,645.0,,59.425299007143900
12.42,635.0,,59.16683158209270
12.43,687.0,,60.78772890653140
12.44,736.0,,63.35078492096470
12.450000000000000,,,65.80197968508300
12.46,,,68.13888820777500
12.47,,,70.75646454636490
12.48,535.0,,73.3189938897067
12.49,540.0,,75.1667132721949
12.5,589.0,,76.01761700560190
12.51,585.0,,75.89357805910270
12.52,547.0,,75.03922646233730
12.530000000000000,518.0,,74.06486994375740
12.540000000000000,500.0,,73.65193164559970
12.55,517.0,,73.7242045812884
12.56,557.0,,73.593058379342
12.57,567.0,,72.85268719825140
12.58,522.0,,71.54376037739040
12.59,474.0,,70.01852726197550
12.6,,,68.77291374339830
12.61,,,68.06783239459590
12.620000000000000,,,67.83406471602520
12.63,,,67.95150507486010
12.64,,,68.2769431803222
12.65,,,68.62105617588400
12.66,,,68.87172602793230
12.67,565.0,,68.92938335570260
12.68,557.0,,68.58380048889870
12.69,555.0,,67.59982158793230
12.700000000000000,563.0,,65.87708404095370
12.71,565.0,,63.61105494125990
12.72,602.0,,61.52341355682480
12.73,645.0,,60.492825698155500
12.74,647.0,,61.283423543019400
12.75,637.0,,64.43399813614690
12.76,632.0,,68.72850518322100
12.77,,,72.27138676572110
12.780000000000000,,,74.73314902924950
12.790000000000000,277.0,,76.42589216042450
12.8,269.0,,77.59918202231100
12.81,255.0,,78.27345588723200
12.82,244.0,,78.38654744755160
12.83,242.0,,78.02877424281360
12.84,243.0,,77.49489368758050
12.85,246.0,,77.08184306817420
12.86,246.0,,76.85763507721120
12.870000000000000,248.0,,76.72880630035010
12.88,255.0,,76.65504372990540
12.89,259.0,,76.67275698216580
12.9,262.0,,76.76012552488000
12.91,265.0,,76.76225241656190
12.92,271.0,,76.50592973886690
12.93,284.0,,75.96494629166270
12.94,297.0,,75.2442880340283
12.950000000000000,312.0,,74.42232930928940
12.96,327.0,,73.52404252243120
12.97,330.0,,72.62196785026130
12.98,325.0,,71.7333315551272
12.99,316.0,,70.65023859836030
13.0,303.0,,69.11304618701410
13.01,326.0,,67.11089865765450
13.02,379.0,,64.90097055592420
13.030000000000000,365.0,,62.754725383000700
13.040000000000000,288.0,,60.85268718380640
13.05,280.0,,59.55910153078280
13.06,285.0,,59.28115391666160
13.07,274.0,,59.791103252232100
13.08,274.0,,60.37285009350460
13.09,,,60.67179353836
13.1,,,61.331344392602300
13.11,,,63.39170872254200
13.120000000000000,,,66.41938465601230
13.13,-112.0,,69.04983638729530
13.14,-83.0,,70.79150377970740
13.15,-37.0,,71.7505855229465
13.16,1.0,,72.16941644804130
13.17,9.0,,72.29990561008680
13.18,-1.0,,72.32984585960660
13.19,-8.0,,72.33876216300530
13.200000000000000,-15.0,,72.34382910356980
13.21,-28.0,,72.36659995213610
13.22,-44.0,,72.3921219645119
13.23,-47.0,,72.31510185038950
13.24,-53.0,,72.03847842165980
13.25,-62.0,,71.6136586145077
13.26,-71.0,,71.22410951303760
13.27,-84.0,,71.0198581056038
13.280000000000000,-82.0,,70.99196284213430
13.290000000000000,-58.0,,71.04251907093120
13.3,-29.0,,71.12863626028890
13.31,9.0,,71.28837905367410
13.32,41.0,,71.56203577765410
13.33,70.0,,71.8923483542895
13.34,98.0,,72.11331497276660
13.35,123.0,,72.08628138651300
13.36,115.0,,71.82284845301740
13.370000000000000,83.0,,71.46059107762390
13.38,55.0,,71.17169912611320
13.39,23.0,,71.06364500454410
13.4,-4.0,,71.0721721388332
13.41,-10.0,,70.99479405448230
13.42,-30.0,,70.69143301240420
13.43,-38.0,,70.18869653067830
13.44,-20.0,,69.58816661977600
13.450000000000000,-17.0,,68.96548839773550
13.46,-14.0,,68.40132300324420
13.47,-17.0,,68.019288207883
13.48,-27.0,,67.89855292306000
13.49,-32.0,,67.98218779101930
13.5,-25.0,,68.10424954183570
13.51,-39.0,,68.11070319224880
13.52,-72.0,,67.9875443900427
13.530000000000000,-95.0,,67.82278312310680
13.540000000000000,-100.0,,67.61184595917470
13.55,-100.0,,67.25398715560450
13.56,-116.0,,66.78365875839570
13.57,-119.0,,66.39603226888300
13.58,-96.0,,66.14686450916510
13.59,-57.0,,65.78144793982450
13.6,-9.0,,64.95489944486020
13.61,21.0,,63.59801887512250
13.620000000000000,15.0,,62.22699702337430
13.63,38.0,,61.59489406261050
13.64,40.0,,61.69287047387900
13.65,60.0,,61.92578218363680
13.66,64.0,,62.05607943090710
13.67,-5.0,,62.101802941178500
13.68,-49.0,,61.95579950876590
13.69,-9.0,,61.420574491264300
13.700000000000000,10.0,,60.405905603943500
13.71,-65.0,,58.98728603078280
13.72,-121.0,,57.37249115271030
13.73,,,55.92739200860220
13.74,,,55.023108479300900
13.75,,,54.584308454567700
13.76,,,54.15667482897620
13.77,,,53.50495897330180
13.780000000000000,,,52.75834560031040
13.790000000000000,,,52.244468853279100
13.8,,,52.343079234239600
13.81,,,53.07031003247860
13.82,,,53.905025822082300
13.83,,,54.38444543781090
13.84,,,54.5036270630157
13.85,,,54.51925117671040
13.86,,,54.67554169009690
13.870000000000000,,,55.091571412387000
13.88,,,55.72778078810940
13.89,,,56.3892076819286
13.9,,,56.85962168440160
13.91,,,57.07676754299230
13.92,,,57.158698003835000
13.93,,,57.23501642642520
13.94,,,57.282205782431800
13.950000000000000,,,57.1901714086797
13.96,,,56.93140594463040
13.97,,,56.57263955783910
13.98,,,56.1558995515618
13.99,,,55.69057880574360
14.0,,,55.29848921112370
14.01,,,55.162387381260900
14.02,,,55.189384919527900
14.030000000000000,,,54.99207747855760
14.040000000000000,,,54.328773039514500
14.05,,,53.3394363320883
14.06,,,52.301887000255700
14.07,,,51.35682116964700
14.08,,,50.699585402409900
14.09,,,50.62911514142560
14.1,,,51.183943726811400
14.11,,,52.56211744832170
14.120000000000000,,,56.027276891305400
14.13,,,62.10099728937170
14.14,,,68.7702044148844
14.15,,,74.12894505998140
14.16,-10.0,,77.80213143449830
14.17,59.0,,79.87152497013300
14.18,183.0,,80.50629754039240
14.19,280.0,,79.9529753512646
14.200000000000000,352.0,,78.62699060597930
14.21,433.0,,77.16861787131480
14.22,490.0,,76.145276505786
14.23,526.0,,75.63007037619710
14.24,569.0,,75.42653612942760
14.25,610.0,,75.50605441760120
14.26,639.0,,75.85928750138730
14.27,652.0,,76.27634327829530
14.280000000000000,658.0,,76.53367215191360
14.290000000000000,662.0,,76.62515046333430
14.3,666.0,,76.69891836864680
14.31,669.0,,76.83911062825070
14.32,673.0,,76.98837112871520
14.33,673.0,,77.05647083001800
14.34,669.0,,77.01416852404390
14.35,669.0,,76.91862748241600
14.36,670.0,,76.88598925678970
14.370000000000000,671.0,,76.94574046998590
14.38,670.0,,76.92788994168120
14.39,674.0,,76.6112348545669
14.4,678.0,,75.94363587327880
14.41,680.0,,75.05597076611440
14.42,684.0,,74.15023965547470
14.43,688.0,,73.46237732344260
14.44,703.0,,73.19597992808410
14.450000000000000,735.0,,73.29399884620720
14.46,773.0,,73.40525704075200
14.47,817.0,,73.12717221233550
14.48,847.0,,72.15406602308520
14.49,804.0,,70.43416651516820
14.5,731.0,,68.98699547187260
14.51,748.0,,69.52107629320060
14.52,824.0,,71.46692225960310
14.530000000000000,849.0,,72.7154249582696
14.540000000000000,755.0,,72.72559551257910
14.55,702.0,,72.17483292668390
14.56,728.0,,72.19452081429760
14.57,741.0,,73.07700246257740
14.58,752.0,,74.07765771675460
14.59,749.0,,74.64095787675090
14.6,743.0,,74.83193775734480
14.61,725.0,,75.22826856116430
14.620000000000000,711.0,,76.21418062705230
14.63,,,77.32190614712530
14.64,941.0,,77.92306780564230
14.65,932.0,,77.9664664975627
14.66,936.0,,77.81986632664070
14.67,944.0,,77.86126519664260
14.68,948.0,,78.18074369179050
14.69,952.0,,78.60785410978520
14.700000000000000,956.0,,78.90417537092140
14.71,956.0,,78.88873436126450
14.72,956.0,,78.52538761316410
14.73,955.0,,77.97733361256670
14.74,953.0,,77.52129005149860
14.75,954.0,,77.37266557688140
14.76,954.0,,77.62788243316060
14.77,952.0,,78.24882431168590
14.780000000000000,947.0,,79.00468095727580
14.790000000000000,942.0,,79.54076593941100
14.8,934.0,,79.53111613314060
14.81,905.0,,78.8059190787861
14.82,861.0,,77.48193706646500
14.83,805.0,,76.00520012874940
14.84,740.0,,74.86077862076940
14.85,685.0,,74.20434069727450
14.86,640.0,,73.96287347884240
14.870000000000000,611.0,,74.0465079730712
14.88,598.0,,74.33190560646410
14.89,584.0,,74.69743093659720
14.9,574.0,,75.05258644038140
14.91,567.0,,75.30826085745000
14.92,559.0,,75.41105291617520
14.93,553.0,,75.39461382587340
14.94,545.0,,75.35163927652720
14.950000000000000,532.0,,75.3299071199306
14.96,516.0,,75.24670990116660
14.97,497.0,,74.91786613626410
14.98,482.0,,74.17527122177540
14.99,490.0,,73.03815121386650
15.0,496.0,,71.89073747458950
15.01,492.0,,71.3085775639209
15.02,491.0,,71.4696669150251
15.030000000000000,492.0,,72.00661199932480
15.040000000000000,487.0,,72.47424998751480
15.05,483.0,,72.67424895117470
15.06,480.0,,72.6593416034662
15.07,482.0,,72.52410383818860
15.08,488.0,,72.22586804796300
15.09,492.0,,71.68002507631350
15.1,496.0,,70.94412533767360
15.11,495.0,,70.22064776486610
15.120000000000000,488.0,,69.71384494328810
15.13,483.0,,69.47993446165640
15.14,486.0,,69.39177726441450
15.15,481.0,,69.26248171992160
15.16,473.0,,68.9934800443126
15.17,475.0,,68.59979221025980
15.18,,,68.1584181012269
15.19,,,67.76108625585280
15.200000000000000,,,67.44590081127250
15.21,,,67.18402365834730
15.22,,,66.97480289569030
15.23,,,66.83850202447870
15.24,,,66.70607986431070
15.25,,,66.44168183711780
15.26,,,65.93077360362500
15.27,,,65.1063748111137
15.280000000000000,,,64.21232218626040
15.290000000000000,,,64.31960228870240
15.3,,,66.07963541179120
15.31,,,68.35063077885560
15.32,690.0,,69.98833189848060
15.33,645.0,,70.95739033083250
15.34,639.0,,71.56979768049030
15.35,632.0,,72.12039961345950
15.36,612.0,,72.9226554596469
15.370000000000000,589.0,,74.14975703834380
15.38,575.0,,75.50656406212570
15.39,563.0,,76.52649151494920
15.4,551.0,,77.07517306497050
15.41,544.0,,77.33136543355070
15.42,545.0,,77.52799022566480
15.43,550.0,,77.7599040759257
15.44,547.0,,77.9542512820875
15.450000000000000,539.0,,77.95755249934010
15.46,530.0,,77.64951101474470
15.47,516.0,,77.07955393553250
15.48,510.0,,76.51085424036710
15.49,514.0,,76.11686341607460
15.5,515.0,,75.679052553629
15.51,519.0,,74.85501916068800
15.52,524.0,,73.57314829861610
15.530000000000000,526.0,,72.03102129673100
15.540000000000000,527.0,,70.46061604060680
15.55,532.0,,68.94787530996420
15.56,543.0,,67.45317239943630
15.57,551.0,,65.87791393152640
15.58,538.0,,64.15398294827760
15.59,529.0,,62.532582047195400
15.6,535.0,,61.681391462297400
15.610000000000000,537.0,,62.10752754982760
15.620000000000000,543.0,,63.65933537165010
15.63,,,65.71461457377100
15.64,345.0,,67.61073828395480
15.65,403.0,,68.99903942097090
15.66,391.0,,69.8691752727577
15.67,328.0,,70.38517189410080
15.68,317.0,,70.7205035084468
15.69,313.0,,70.96643119965720
15.700000000000000,311.0,,71.17947364051090
15.71,310.0,,71.42880496050270
15.72,305.0,,71.7126169398294
15.73,300.0,,71.95385108346190
15.74,299.0,,72.16549908047560
15.75,295.0,,72.4525014436127
15.76,292.0,,72.80060357471890
15.77,297.0,,73.06739553761830
15.780000000000000,304.0,,73.19768410052290
15.790000000000000,314.0,,73.24976904918090
15.8,328.0,,73.20604376034890
15.81,345.0,,72.9167297380322
15.82,368.0,,72.268393929214
15.83,384.0,,71.31144191302770
15.84,384.0,,70.20441018810180
15.85,355.0,,69.14574762954590
15.860000000000000,234.0,,68.37123246890090
15.870000000000000,133.0,,67.93309719247350
15.88,117.0,,67.59587692543700
15.89,71.0,,67.38634583010950
15.9,51.0,,67.77382553475080
15.91,41.0,,68.86956738716320
15.92,,,70.19596673727310
15.93,,,71.35762601062070
15.94,,,72.28356930017110
15.950000000000000,32.0,,73.05552740679690
15.96,17.0,,73.72415293481800
15.97,0.0,,74.23566925570380
15.98,-13.0,,74.49243973866490
15.99,-17.0,,74.41804010051620
16.0,-15.0,,74.01174004399220
16.01,-15.0,,73.38735885984090
16.02,-8.0,,72.67705372017710
16.03,2.0,,71.91632191415820
16.04,8.0,,71.14587242405160
16.05,25.0,,70.5551309747691
16.06,46.0,,70.35357282411820
16.07,55.0,,70.57488829727880
16.080000000000000,57.0,,71.06283308855460
16.09,51.0,,71.55551628517880
16.1,38.0,,71.83330520019680
16.11,23.0,,71.8344122968131
16.12,11.0,,71.66146221017050
16.13,6.0,,71.45503298746010
16.14,-3.0,,71.23659681517750
16.15,-9.0,,70.86684720823580
16.16,-13.0,,70.17584868148490
16.17,-19.0,,69.22207016132320
16.18,-54.0,,68.49240985517760
16.19,-88.0,,68.59806844621360
16.2,-45.0,,69.50818535106150
16.21,-4.0,,70.54019341409240
16.22,0.0,,71.19515473494060
16.23,-3.0,,71.45666924249690
16.240000000000000,-4.0,,71.54589661859030
16.25,-8.0,,71.63159049504120
16.26,-12.0,,71.67373062898310
16.27,-14.0,,71.5513955468102
16.28,-18.0,,71.28084903810970
16.29,-5.0,,71.04430979292780
16.3,12.0,,71.04821081305220
16.31,9.0,,71.3543787689036
16.32,10.0,,71.7862966366746
16.330000000000000,5.0,,72.06268354930440
16.34,-8.0,,72.05788402399690
16.35,-16.0,,71.87059313887300
16.36,-22.0,,71.67856597611080
16.37,-39.0,,71.56724069373880
16.38,-54.0,,71.46108827327380
16.39,-58.0,,71.26893194065690
16.4,,,71.10066321787520
16.41,,,71.18274306236280
16.42,,,71.53852173439800
16.43,,,71.99358861366160
16.44,,,72.49229959192510
16.45,,,73.15025493948100
16.46,,,74.00151512659200
16.47,,,74.87521977610140
16.48,,,75.54089474393500
16.490000000000000,,,75.90388233547580
16.5,,,76.09536962565270
16.51,175.0,,76.28683024026200
16.52,196.0,,76.48420800585720
16.53,204.0,,76.62261005207960
16.54,206.0,,76.71129206635540
16.55,209.0,,76.76799513538340
16.56,212.0,,76.74805598300040
16.57,213.0,,76.59085640755500
16.580000000000000,216.0,,76.30949161796920
16.59,221.0,,76.05146668603900
16.6,224.0,,75.97094294049590
16.61,224.0,,75.99810122550160
16.62,227.0,,75.90320633925530
16.63,234.0,,75.57076829612800
16.64,243.0,,75.0672089682212
16.65,254.0,,74.57223220131160
16.66,258.0,,74.34313938665990
16.67,258.0,,74.51170116809570
16.68,256.0,,74.83316960919680
16.69,253.0,,74.91630621030880
16.7,248.0,,74.59082064395530
16.71,244.0,,73.90137056449290
16.72,235.0,,72.95262875046720
16.73,226.0,,71.89356733803810
16.740000000000000,225.0,,71.12324205655920
16.75,216.0,,71.34359640404450
16.76,208.0,,72.70911418087050
16.77,203.0,,74.39313121056070
16.78,193.0,,75.66995088886900
16.79,193.0,,76.4624850302628
16.8,194.0,,76.96792862197720
16.81,197.0,,77.31950977143300
16.82,209.0,,77.52751637201250
16.830000000000000,221.0,,77.56343410437060
16.84,235.0,,77.4648692419758
16.85,250.0,,77.38252586986200
16.86,260.0,,77.47790487586310
16.87,262.0,,77.7229947156749
16.88,266.0,,77.93316017393400
16.89,267.0,,78.00739350771490
16.9,265.0,,77.95088252579160
16.91,265.0,,77.72857258541710
16.92,267.0,,77.31522473232830
16.93,266.0,,76.83689088911480
16.94,262.0,,76.4494314201578
16.95,258.0,,76.11721926550300
16.96,251.0,,75.69237128667250
16.97,230.0,,75.19880690671400
16.98,200.0,,74.90170413240500
16.990000000000000,182.0,,74.93029779593850
17.0,174.0,,74.94722045318060
17.01,179.0,,74.51041811380040
17.02,189.0,,73.56666691676460
17.03,,,72.67515035410810
17.04,-343.0,,72.68465573667790
17.05,,,73.66847067776170
17.06,276.0,,74.8636511543555
17.07,297.0,,75.72314640574950
17.080000000000000,309.0,,76.1247118660836
17.09,278.0,,76.10124264856220
17.1,255.0,,75.76424177903150
17.11,225.0,,75.2653184132041
17.12,195.0,,74.73990591288560
17.13,179.0,,74.27663981394470
17.14,178.0,,73.84893563960970
17.150000000000000,178.0,,73.3138434505471
17.16,177.0,,72.72242323602010
17.17,179.0,,72.54523178003700
17.18,196.0,,73.0648385705439
17.19,200.0,,73.7763976292277
17.2,202.0,,73.9344808155342
17.21,220.0,,73.16975696960670
17.22,191.0,,71.50310718029040
17.23,154.0,,69.39846569737720
17.240000000000000,,,67.75598984799340
17.25,,,67.15151801088850
17.26,,,67.23760622436690
17.27,,,67.40141488247490
17.28,,,67.29194240648520
17.29,,,66.79422095196180
17.3,,,66.16196977899610
17.31,,,65.95810160087400
17.32,,,66.42913203065000
17.330000000000000,,,67.1571163295515
17.34,,,67.57895352550510
17.35,,,67.59796271889120
17.36,,,67.85857972972050
17.37,,,69.01959141658300
17.38,-53.0,,70.68736298723040
17.39,-19.0,,72.10190972280690
17.400000000000000,-28.0,,73.06041318412350
17.41,-63.0,,73.59370526635810
17.42,-71.0,,73.63751221992270
17.43,-69.0,,73.13463242831360
17.44,-62.0,,72.19503979030680
17.45,-51.0,,70.98134192530070
17.46,-82.0,,69.50538573352890
17.47,-119.0,,67.75264796016580
17.48,-187.0,,65.99802904272890
17.490000000000000,-270.0,,64.67004986977040
17.5,-315.0,,63.75916110742500
17.51,-412.0,,62.9333936740136
17.52,-406.0,,62.18134542697290
17.53,-411.0,,61.69276513772790
17.54,-458.0,,61.42378715901700
17.55,-402.0,,61.26735039981700
17.56,-391.0,,61.37842576051750
17.57,-443.0,,61.84187257963990
17.580000000000000,-436.0,,62.35143533477440
17.59,-457.0,,62.494827189971000
17.6,-477.0,,62.43735875913700
17.61,-454.0,,63.95970459892930
17.62,-347.0,,68.0085293660118
17.63,-176.0,,72.40177528498560
17.64,-46.0,,75.37747134508010
17.650000000000000,-7.0,,76.76753452617590
17.66,-17.0,,76.7782339924499
17.67,-33.0,,75.87477304475990
17.68,-14.0,,74.81063521915960
17.69,-22.0,,74.10051330355960
17.7,-34.0,,73.5593621172893
17.71,-42.0,,72.7838651562781
17.72,-51.0,,71.6921591150198
17.73,-59.0,,70.49647226251190
17.740000000000000,-62.0,,69.57598374777800
17.75,-51.0,,69.22576797582410
17.76,-24.0,,69.38081996912150
17.77,-1.0,,69.72206940931770
17.78,20.0,,70.01478807843550
17.79,40.0,,70.23928493247840
17.8,33.0,,70.42985938981420
17.81,8.0,,70.5366801671797
17.82,-22.0,,70.5235090654331
17.830000000000000,-50.0,,70.43842287456310
17.84,-66.0,,70.30270761810020
17.85,-93.0,,70.12938878529010
17.86,-112.0,,70.0646578236319
17.87,-112.0,,70.23761551596240
17.88,-96.0,,70.54587936628000
17.89,-71.0,,70.77631238982260
17.900000000000000,-44.0,,70.78227023046580
17.91,-11.0,,70.50699541923610
17.92,6.0,,69.98323955910670
17.93,35.0,,69.31975324989220
17.94,64.0,,68.6633834083067
17.95,82.0,,68.1657921524038
17.96,88.0,,67.9593018819963
17.97,57.0,,68.11765606611350
17.98,23.0,,68.55046761936480
17.990000000000000,-33.0,,68.98968658908480
18.0,-63.0,,69.18545076772070
18.01,-64.0,,69.11427043321250
18.02,-63.0,,68.93325271495490
18.03,-55.0,,68.75434377590240
18.04,-32.0,,68.52827614266660
18.05,-6.0,,68.15452334592330
18.06,4.0,,67.58085910285620
18.07,10.0,,66.8300322099722
18.080000000000000,7.0,,66.0872504172294
18.09,1.0,,65.62812332006800
18.1,-6.0,,65.4837121199325
18.11,-7.0,,65.38959417415620
18.12,-24.0,,65.1515716793815
18.13,-80.0,,64.81482010357740
18.14,-133.0,,64.483324997388
18.150000000000000,-150.0,,64.18529591401140
18.16,,,63.90529475067470
18.17,,,63.61941293458390
18.18,,,63.29422141523900
18.19,,,62.98464593894740
18.2,,,62.92013785042110
18.21,10.0,,63.24267763609130
18.22,36.0,,63.70782928755850
18.23,37.0,,63.969727621021600
18.240000000000000,25.0,,63.96653166557120
18.25,10.0,,63.80953810684430
18.26,-19.0,,63.52599785807120
18.27,-11.0,,63.00771173174490
18.28,-19.0,,62.15583819022180
18.29,-29.0,,60.98393680749730
18.3,-86.0,,59.53864780355140
18.31,-155.0,,57.77419401722930
18.32,,,55.677259146160400
18.330000000000000,,,53.66799787270200
18.34,,,52.399672247596000
18.35,,,52.013597216115000
18.36,,,52.24499238758630
18.37,,,52.88052459548880
18.38,,,53.75142246958260
18.39,,,54.735707445227100
18.400000000000000,,,55.70004681556420
18.41,,,56.464711948219500
18.42,,,56.93206635772940
18.43,,,57.176710106445000
18.44,,,57.36111889418510
18.45,,,57.59942580986960
18.46,,,57.92117577814480
18.47,,,58.26145582900380
18.48,,,58.484071843319300
18.490000000000000,,,58.51071551285440
18.5,,,58.39512132216300
18.51,,,58.197505153789
18.52,,,57.87514006611900
18.53,,,57.35891310046960
18.54,,,56.61295264355090
18.55,,,55.594848899533300
18.56,,,54.2854012440974
18.57,,,52.81656036879380
18.580000000000000,,,52.078531599469000
18.59,,,54.11393131022540
18.6,,,58.84439206432880
18.61,,,63.5211701830724
18.62,,,66.90747699774580
18.63,,,68.99846723300450
18.64,,,69.99380921100860
18.650000000000000,,,70.19399919675360
18.66,,,70.04265225200090
18.67,,,69.92844174754220
18.68,,,69.9314333217577
18.69,,,69.88648691346040
18.7,,,69.65297398503980
18.71,,,69.19997683334930
18.72,,,68.66680381742390
18.73,,,68.74697726105730
18.740000000000000,,,70.41089736543720
18.75,,,73.3326132373192
18.76,322.0,,76.07875645635680
18.77,419.0,,77.89051934487990
18.78,463.0,,78.76785442279950
18.79,487.0,,78.98156106529140
18.8,507.0,,78.84552732958080
18.81,528.0,,78.54705038996320
18.82,553.0,,78.1916039378149
18.830000000000000,573.0,,77.8842102895849
18.84,595.0,,77.69664968153360
18.85,623.0,,77.67305537868920
18.86,642.0,,77.82608662137860
18.87,654.0,,78.05190961491130
18.88,666.0,,78.2104326227962
18.89,675.0,,78.27435939713790
18.900000000000000,685.0,,78.30755345044980
18.91,695.0,,78.36074410534850
18.92,700.0,,78.42883807385890
18.93,699.0,,78.47737235201930
18.94,702.0,,78.45524057592020
18.95,707.0,,78.29518811376460
18.96,711.0,,77.97978517400100
18.97,720.0,,77.63580728119460
18.98,739.0,,77.47140191244470
18.990000000000000,780.0,,77.49873971037490
19.0,848.0,,77.38977378391040
19.01,904.0,,76.7030662757361
19.02,921.0,,75.16515607637520
19.03,919.0,,72.90472886028490
19.04,929.0,,70.66047488139070
19.05,943.0,,69.23663876049330
19.06,951.0,,68.44015846461900
19.07,941.0,,67.41476826814980
19.080000000000000,907.0,,65.98272415815950
19.09,905.0,,65.28690809539070
19.1,932.0,,66.38240020955070
19.11,,,68.57936502247110
19.12,333.0,,70.93506137216490
19.13,380.0,,73.19135680498270
19.14,475.0,,75.12497963383140
19.150000000000000,481.0,,76.61959958664680
19.16,,,77.75427468054950
19.17,,,78.56278870245680
19.18,534.0,,78.96443858467160
19.19,544.0,,78.96036830845160
19.2,538.0,,78.76760677466980
19.21,544.0,,78.68678356440070
19.22,551.0,,78.81359338717410
19.23,558.0,,78.96346870501810
19.240000000000000,564.0,,78.87497666206880
19.25,573.0,,78.45147325092500
19.26,585.0,,77.9054595741977
19.27,594.0,,77.6155242852456
19.28,602.0,,77.70658510452440
19.29,618.0,,77.95843213478610
19.3,631.0,,78.13833006647190
19.31,638.0,,78.17635476112450
19.32,649.0,,78.12190757158730
19.330000000000000,654.0,,78.04057125373790
19.34,666.0,,77.94099457064150
19.35,681.0,,77.82821760758250
19.36,681.0,,77.69685342976320
19.37,676.0,,77.47022086065170
19.38,679.0,,77.16832197607250
19.39,692.0,,77.03521659620920
19.400000000000000,695.0,,77.20883078277120
19.41,702.0,,77.44424129745870
19.42,710.0,,77.45535913340910
19.43,714.0,,77.32499018692640
19.44,718.0,,77.39891538654480
19.45,712.0,,77.75315591158120
19.46,703.0,,78.01843651226710
19.47,693.0,,77.89323071498520
19.48,688.0,,77.51857071158180
19.490000000000000,686.0,,77.28445748450160
19.5,686.0,,77.37101655723700
19.51,687.0,,77.62468189513770
19.52,686.0,,77.8622356348564
19.53,686.0,,78.02977406407820
19.54,691.0,,78.1509939692472
19.55,699.0,,78.22351316297920
19.56,704.0,,78.13213921011710
19.57,706.0,,77.7286890170231
19.580000000000000,707.0,,77.05898885200000
19.59,711.0,,76.48957223132810
19.6,714.0,,76.42690878053810
19.61,719.0,,76.82855746748410
19.62,723.0,,77.25056957220760
19.63,723.0,,77.34621710518810
19.64,723.0,,77.10966874883330
19.650000000000000,719.0,,76.85748890466400
19.66,712.0,,76.9577351237724
19.67,709.0,,77.3725264209337
19.68,707.0,,77.6777711123163
19.69,701.0,,77.61404577142490
19.7,693.0,,77.43170203380110
19.71,686.0,,77.60576904252750
19.72,683.0,,78.0993669814003
19.73,682.0,,78.31730584761580
19.740000000000000,679.0,,77.82289777349760
19.75,674.0,,76.66755249342840
19.76,679.0,,75.39420827462150
19.77,711.0,,74.82961408549040
19.78,668.0,,75.30678958010370
19.79,580.0,,76.22398636305550
19.8,597.0,,76.86668006869460
19.81,612.0,,77.1468660161686
19.82,584.0,,77.34185612730350
19.830000000000000,560.0,,77.62925178445670
19.84,565.0,,77.95512722904030
19.85,575.0,,78.14542902398740
19.86,576.0,,78.06078130239310
19.87,580.0,,77.71761671324940
19.88,578.0,,77.3067706753186
19.89,529.0,,77.21570135701120
19.900000000000000,564.0,,77.78079943929650
19.91,628.0,,78.76122591990350
19.92,566.0,,79.55043418748240
19.93,560.0,,79.8554343883215
19.94,555.0,,79.72126192182680
19.95,544.0,,79.22862490619290
19.96,531.0,,78.49809744162790
19.97,521.0,,77.88377125289030
19.98,519.0,,77.70381534573880
19.990000000000000,515.0,,77.76408291486150
20.0,512.0,,77.70442764169390
20.01,510.0,,77.59389968780380
20.02,501.0,,77.71513338309170
20.03,483.0,,78.03032508536750
20.04,456.0,,78.24705415283150
20.05,412.0,,78.24086943323750
20.06,380.0,,78.05324794972140
20.07,370.0,,77.69148463361500
20.080000000000000,375.0,,77.18643090824010
20.09,382.0,,76.66018904471250
20.1,367.0,,76.13407481024940
20.11,335.0,,75.47671978672310
20.12,306.0,,74.63640575392540
20.13,249.0,,73.73085795894380
20.14,177.0,,72.95056270261810
20.150000000000000,111.0,,72.44439723663060
20.16,45.0,,72.14848301096170
20.17,11.0,,71.87282574604860
20.18,-5.0,,71.57772645563540
20.19,-18.0,,71.36113772289980
20.2,-27.0,,71.27861313009840
20.21,-38.0,,71.33683903103470
20.22,-47.0,,71.52368692748860
20.23,-28.0,,71.76533161203650
20.240000000000000,-14.0,,71.96094725690830
20.25,-10.0,,72.05620479745270
20.26,-8.0,,72.07277663197670
20.27,-10.0,,72.10493515005170
20.28,-8.0,,72.245405068748
20.29,-8.0,,72.44525798175820
20.3,-9.0,,72.52707417831390
20.31,-11.0,,72.39896426715210
20.32,-10.0,,72.17686419810580
20.330000000000000,-9.0,,72.05153743119640
20.34,-22.0,,72.08238279861390
20.35,-26.0,,72.17814653487710
20.36,-18.0,,72.24830502838680
20.37,-9.0,,72.27814672335380
20.38,-2.0,,72.27698414123320
20.39,-5.0,,72.24229120308530
20.400000000000000,-25.0,,72.19701261663110
20.41,-41.0,,72.1995199139319
20.42,-39.0,,72.27571401188950
20.43,-35.0,,72.35374226350770
20.44,-24.0,,72.29826294877660
20.45,-13.0,,72.06156191224640
20.46,15.0,,71.80547491249620
20.47,45.0,,71.763879257718
20.48,63.0,,71.94856457604600
20.490000000000000,72.0,,72.15768225073190
20.5,70.0,,72.27631284637190
20.51,60.0,,72.37633122764330
20.52,45.0,,72.51810731772150
20.53,23.0,,72.59163011775250
20.54,-2.0,,72.42024805802720
20.55,-42.0,,71.98576881663610
20.56,-89.0,,71.48802503281790
20.57,-111.0,,71.14532858145260
20.580000000000000,-113.0,,71.00457229519200
20.59,-99.0,,71.02843634222000
20.6,-70.0,,71.2102204795999
20.61,-40.0,,71.49592980102140
20.62,-9.0,,71.70774569442030
20.63,6.0,,71.61838841754820
20.64,7.0,,71.09716309895770
20.650000000000000,-8.0,,70.19844470286260
20.66,-41.0,,69.10199264372970
20.67,-111.0,,68.00322350765090
20.68,-209.0,,67.20596233013050
20.69,-205.0,,67.19675566528980
20.7,-141.0,,68.13940574892700
20.71,-82.0,,69.535774906682
20.72,-17.0,,70.85967200418040
20.73,-15.0,,72.03947404085730
20.740000000000000,-21.0,,73.18265697830240
20.75,-21.0,,74.1690641212241
20.76,-23.0,,74.65552480805050
20.77,-18.0,,74.34644877298250
20.78,-8.0,,73.152334885064
20.79,-57.0,,71.25457093375590
20.8,-121.0,,69.34591323832310
20.81,-121.0,,68.49014289402100
20.82,-88.0,,69.2629012137843
20.830000000000000,-27.0,,71.38598604384850
20.84,21.0,,73.9542153911821
20.85,64.0,,75.89802452031520
20.86,78.0,,76.6138720945187
20.87,65.0,,75.95373234752250
20.88,31.0,,74.0320447550065
20.89,14.0,,71.44625624921160
20.900000000000000,,,69.31179241022680
20.91,1563.0,,68.22462444970550
20.92,1611.0,,67.73187195349460
20.93,1606.0,,67.27564147741510
20.94,1573.0,,66.97879747288440
20.95,,,67.73277504313880
20.96,,,69.7382822676237
20.97,371.0,,71.92321443105650
20.98,428.0,,73.6506239776012
20.990000000000000,522.0,,75.05072680556400
21.0,589.0,,76.23330037312970
21.01,533.0,,77.01918447192220
21.02,491.0,,77.18942617575410
21.03,496.0,,76.73093970698610
21.04,514.0,,75.77275055767650
21.05,544.0,,74.42177640692450
21.06,565.0,,72.6202563929883
21.07,547.0,,70.17740060802140
21.080000000000000,500.0,,67.34034229501990
21.09,483.0,,66.04058258653000
21.1,509.0,,67.99715824679590
21.11,573.0,,71.5780836194385
21.12,627.0,,74.57136717761510
21.13,653.0,,76.55525367295910
21.14,664.0,,77.66349848625000
21.150000000000000,669.0,,78.09996508797190
21.16,670.0,,78.0634920871556
21.17,667.0,,77.71963181308750
21.18,665.0,,77.2491143694017
21.19,666.0,,76.84406703073720
21.2,669.0,,76.59168154169460
21.21,673.0,,76.43131473311560
21.22,676.0,,76.31293383651970
21.23,679.0,,76.31919009832300
21.240000000000000,680.0,,76.58921006464590
21.25,676.0,,77.13559410248910
21.26,678.0,,77.76034262128660
21.27,683.0,,78.17111248853700
21.28,686.0,,78.17117713372220
21.29,685.0,,77.79348995945440
21.3,672.0,,77.33856176507990
21.31,671.0,,77.11581117433010
21.32,672.0,,77.10563431489470
21.330000000000000,669.0,,77.11304643358610
21.34,668.0,,77.10740412349460
21.35,671.0,,77.171188048636
21.36,670.0,,77.32549467435690
21.37,671.0,,77.51149784515190
21.38,677.0,,77.633322917908
21.39,688.0,,77.64045625368360
21.400000000000000,688.0,,77.61727516219250
21.41,678.0,,77.71138598518180
21.42,678.0,,77.94870473284300
21.43,686.0,,78.22017724612410
21.44,695.0,,78.40393170780310
21.45,701.0,,78.36978918767200
21.46,700.0,,77.90753034811040
21.47,681.0,,76.75035740545020
21.48,657.0,,74.68369785787800
21.490000000000000,661.0,,71.74375565782800
21.5,668.0,,68.49146777523920
21.51,667.0,,65.83995831077580
21.52,668.0,,64.0578088231107
21.53,671.0,,62.67139200531810
21.54,667.0,,61.54137183451020
21.55,665.0,,60.88892904026770
21.56,664.0,,60.942598907748800
21.57,659.0,,62.371390528583900
21.580000000000000,656.0,,65.67503719910220
21.59,667.0,,69.69028592590530
21.6,598.0,,72.93772041447250
21.61,497.0,,75.1487067455196
21.62,517.0,,76.59655527811270
21.63,543.0,,77.50476616704070
21.64,551.0,,77.93168826302700
21.650000000000000,533.0,,77.91068502715150
21.66,500.0,,77.65123853158300
21.67,484.0,,77.45326661831760
21.68,478.0,,77.41366810970860
21.69,487.0,,77.32206881672610
21.7,499.0,,76.91949662567140
21.71,505.0,,76.1436169259284
21.72,524.0,,75.07925437475130
21.73,540.0,,73.73277359704680
21.740000000000000,535.0,,72.04597465522290
21.75,527.0,,70.20632509280370
21.76,519.0,,68.73486516932370
21.77,,,67.93841760683020
21.78,,,67.58358480523190
21.79,,,67.43450652246730
21.8,,,67.4350586906572
21.81,,,67.39705595310320
21.82,,,67.07302730627270
21.830000000000000,,,66.49855834229110
21.84,,,65.92132472542750
21.85,,,65.46746141781320
21.86,,,65.17973479120600
21.87,,,65.61208125369050
21.88,,,67.68565740968100
21.89,,,71.04358105671340
21.900000000000000,260.0,,74.2571620548435
21.91,273.0,,76.58673161091940
21.92,259.0,,77.86932752086780
21.93,239.0,,78.13327232736060
21.94,230.0,,77.62997497086620
21.95,242.0,,76.85332779509450
21.96,249.0,,76.3125437488405
21.97,258.0,,76.1473072662376
21.98,270.0,,76.15877787400620
21.990000000000000,274.0,,76.15423734496880
22.0,279.0,,76.09077916735120
22.01,293.0,,76.03423148363020
22.02,303.0,,76.02439900622050
22.03,313.0,,76.00093446170420
22.04,320.0,,75.91491274852110
22.05,325.0,,75.85533551776420
22.06,329.0,,75.96733161050760
22.07,329.0,,76.24275489455260
22.080000000000000,327.0,,76.46414014997460
22.09,319.0,,76.32111696134920
22.1,311.0,,75.50865880721260
22.11,306.0,,73.7607646833685
22.12,312.0,,70.9583737918651
22.13,319.0,,67.44827828645840
22.14,305.0,,64.43543831074750
22.150000000000000,304.0,,62.843836759627600
22.16,301.0,,62.18513698183770
22.17,285.0,,62.495534543163900
22.18,,,64.53044168465690
22.19,,,67.52308176577600
22.2,-35.0,,70.09980254339210
22.21,-3.0,,71.89710250083570
22.22,-8.0,,73.07731874106730
22.23,-8.0,,73.94995612206050
22.240000000000000,-7.0,,74.70953750786680
22.25,-12.0,,75.31931405483540
22.26,-18.0,,75.64825734075340
22.27,-24.0,,75.66549219506210
22.28,-27.0,,75.47893639645010
22.29,-34.0,,75.2049639213193
22.3,-42.0,,74.87689064238790
22.31,-46.0,,74.48305059444960
22.32,-42.0,,74.02664853261080
22.330000000000000,-28.0,,73.53688214960740
22.34,-1.0,,73.04462161661390
22.35,17.0,,72.59460392558460
22.36,7.0,,72.30203271509170
22.37,25.0,,72.28912871210560
22.38,71.0,,72.5224867612889
22.39,105.0,,72.82169894665430
22.400000000000000,105.0,,73.0452831226933
22.41,89.0,,73.14428264447900
22.42,81.0,,73.0867128579957
22.43,61.0,,72.87111357329700
22.44,8.0,,72.62922708492420
22.45,-34.0,,72.55685235012750
22.46,-46.0,,72.65960831828480
22.47,-63.0,,72.72747277273300
22.48,-65.0,,72.59354522148080
22.490000000000000,-47.0,,72.27902662406720
22.5,-24.0,,71.88303638075180
22.51,-8.0,,71.43179956842060
22.52,4.0,,70.93135822067440
22.53,29.0,,70.5494897824146
22.54,101.0,,70.55375298908850
22.55,134.0,,70.96733810866180
22.56,81.0,,71.46597381384040
22.57,76.0,,71.67108731643120
22.580000000000000,49.0,,71.46715920052880
22.59,2.0,,71.08058341584180
22.6,-7.0,,70.79566398657030
22.61,-34.0,,70.57170866570580
22.62,-49.0,,70.17988928693990
22.63,-56.0,,69.569473954508
22.64,-67.0,,68.84215388728820
22.650000000000000,-42.0,,68.07712296993090
22.66,-15.0,,67.31201574702200
22.67,-23.0,,66.60486853820140
22.68,-22.0,,65.9855790940449
22.69,-9.0,,65.3954338693641
22.7,6.0,,64.77618901664570
22.71,27.0,,64.25473773378630
22.72,35.0,,64.1151409316797
22.73,35.0,,64.41034810413530
22.740000000000000,-17.0,,64.82982983659380
22.75,-72.0,,65.02407980994430
22.76,-64.0,,64.8187601627343
22.77,-95.0,,64.25215662923840
22.78,-129.0,,63.700929846703900
22.79,-104.0,,63.65467081850530
22.8,-70.0,,64.0097945744305
22.81,-44.0,,64.12638075686030
22.82,-14.0,,63.584598547995100
22.830000000000000,-48.0,,62.399851441672200
22.84,-90.0,,60.90214722356650
22.85,-75.0,,59.536441719422300
22.86,-64.0,,58.43788820959180
22.87,-60.0,,57.33921902141470
22.88,,,56.085492926121200
22.89,,,54.903523397825500
22.900000000000000,,,54.13789869747210
22.91,,,53.93069696854130
22.92,,,54.25896109250610
22.93,,,54.96360898609830
22.94,,,55.73247611467940
22.95,,,56.340539986134900
22.96,,,56.81267074168540
22.97,,,57.258726970683900
22.98,,,57.688558739096200
22.990000000000000,,,58.034493966305600
23.0,,,58.30116477918490
23.01,,,58.5855371367305
23.02,,,58.95497082981810
23.03,,,59.343440777842800
23.04,,,59.60094222233560
23.05,,,59.67112343583960
23.06,,,59.625101463006100
23.07,,,59.496175474541700
23.080000000000000,,,59.21204038237380
23.09,,,58.749880554907900
23.1,,,58.25458687117770
23.11,,,57.96148332824950
23.12,,,57.957983199224900
23.13,200.0,,57.99681410248850
23.14,63.0,,57.6474824305439
23.150000000000000,-199.0,,56.636612891035700
23.16,-314.0,,54.99865523788380
23.17,,,53.1228812395166
23.18,,,51.70996163602770
23.19,,,51.672397504742100
23.2,,,53.397132131985300
23.21,,,55.96290864939820
23.22,,,58.34785339382120
23.23,,,60.61159347464930
23.240000000000000,,,63.698526996663200
23.25,,,68.15780176769770
23.26,,,72.85753554913190
23.27,-483.0,,76.50903846216040
23.28,,,78.87537587743580
23.29,249.0,,80.11605828093780
23.3,320.0,,80.49594224337350
23.31,393.0,,80.23370656971280
23.32,441.0,,79.44498540548890
23.330000000000000,487.0,,78.18367398723280
23.34,519.0,,76.58445682656890
23.35,550.0,,75.0074223234765
23.36,575.0,,73.99737412418620
23.37,594.0,,73.82652877398610
23.38,607.0,,74.23571100751600
23.39,615.0,,74.81009082070920
23.400000000000000,620.0,,75.3086186864411
23.41,628.0,,75.65442120549950
23.42,636.0,,75.89923488743100
23.43,640.0,,76.13142472365510
23.44,647.0,,76.39103744013400
23.45,657.0,,76.6793247885018
23.46,661.0,,76.93967206452930
23.47,668.0,,77.06380946107910
23.48,678.0,,77.02338352663490
23.490000000000000,682.0,,76.8713468538178
23.5,687.0,,76.58309955485510
23.51,693.0,,76.05030601299550
23.52,695.0,,75.21136585706330
23.53,708.0,,74.04905450527110
23.54,725.0,,72.470705395374
23.55,744.0,,70.32475454519210
23.56,790.0,,67.63740971945260
23.57,763.0,,64.84848765056380
23.580000000000000,686.0,,62.696060198932200
23.59,689.0,,61.514093488331500
23.6,675.0,,61.061723914180900
23.61,656.0,,61.221217556902200
23.62,692.0,,62.034710672369100
23.63,715.0,,63.1721035956148
23.64,690.0,,64.13937389754950
23.650000000000000,733.0,,64.96363898910680
23.66,819.0,,66.13632428995490
23.67,,,67.95752848519620
23.68,679.0,,70.20834832824630
23.69,712.0,,72.43831602193050
23.7,718.0,,74.46347601488000
23.71,701.0,,76.41196442256070
23.72,863.0,,78.17781337625600
23.73,995.0,,79.3432394071685
23.740000000000000,911.0,,79.6387046249869
23.75,904.0,,79.2168746289594
23.76,908.0,,78.58410182219280
23.77,909.0,,78.21501143124830
23.78,910.0,,78.15171199638800
23.79,916.0,,78.12556307096000
23.8,926.0,,77.98469404825950
23.81,937.0,,77.89081525974250
23.82,940.0,,78.12754347777540
23.830000000000000,937.0,,78.72078993414340
23.84,939.0,,79.38242487563320
23.85,945.0,,79.78983226394390
23.86,951.0,,79.74296433080200
23.87,960.0,,79.21979588189570
23.88,969.0,,78.49795733185080
23.89,973.0,,78.08943360589610
23.900000000000000,978.0,,78.21620625261410
23.91,974.0,,78.53863370143390
23.92,961.0,,78.62799645182000
23.93,945.0,,78.34985988322440
23.94,920.0,,77.7992061565979
23.95,880.0,,77.02437060735660
23.96,813.0,,75.87265840180590
23.97,730.0,,74.22104510984560
23.98,797.0,,72.32149484193420
23.990000000000000,930.0,,70.71820256853180
24.0,915.0,,69.73545187289300
24.01,905.0,,69.31986272147900
24.02,924.0,,69.27476686041420
24.03,917.0,,69.37976822332360
24.04,772.0,,69.5522745377613
24.05,570.0,,69.82959117869140
24.060000000000000,560.0,,70.16841869908320
24.07,555.0,,70.47726846197640
24.080000000000000,551.0,,70.70946671751850
24.09,539.0,,70.83422230210410
24.1,516.0,,70.88488312073420
24.11,483.0,,70.9419400777781
24.12,405.0,,71.00003459343960
24.13,300.0,,71.22547871622500
24.14,283.0,,72.07357925645350
24.150000000000000,420.0,,73.4531044586731
24.16,542.0,,74.63534344945540
24.17,529.0,,75.27886879016050
24.18,520.0,,75.57592233633840
24.19,525.0,,75.75932213865820
24.2,525.0,,75.88129395929560
24.21,530.0,,75.93171141953950
24.22,537.0,,75.89621421438070
24.23,548.0,,75.72692620230950
24.240000000000000,562.0,,75.45034662158340
24.25,574.0,,75.20447342844000
24.26,585.0,,75.07871207910320
24.27,596.0,,75.0701958521337
24.28,612.0,,75.17519650467840
24.29,620.0,,75.34277834965670
24.3,620.0,,75.42630134272350
24.310000000000000,614.0,,75.32058093854540
24.32,602.0,,75.08549996252720
24.330000000000000,583.0,,74.87800014344180
24.34,560.0,,74.80896568829380
24.35,541.0,,74.88902945018300
24.36,528.0,,75.05330847876180
24.37,516.0,,75.18630870531390
24.38,499.0,,75.15138604649650
24.39,484.0,,74.86558647753930
24.400000000000000,474.0,,74.41275372275280
24.41,480.0,,74.04151831850140
24.42,507.0,,73.93426778246560
24.43,542.0,,74.06430994057660
24.44,570.0,,74.3924691773722
24.45,601.0,,74.96007179383770
24.46,618.0,,75.65826781962460
24.47,617.0,,76.17782607134120
24.48,608.0,,76.29077376965860
24.490000000000000,577.0,,76.05874554401250
24.5,542.0,,75.76597056291580
24.51,520.0,,75.60381787794590
24.52,511.0,,75.44574605152870
24.53,519.0,,75.05406742489400
24.54,531.0,,74.40241837728170
24.55,545.0,,73.7171464405238
24.560000000000000,564.0,,73.15955360543070
24.57,568.0,,72.51166398544150
24.580000000000000,553.0,,71.44618701905880
24.59,546.0,,70.11326164573690
24.6,,,69.17036469939150
24.61,,,68.8967450732915
24.62,,,68.84349874775140
24.63,,,68.63182612693460
24.64,,,68.22856252557570
24.650000000000000,,,67.65457996744570
24.66,,,66.8816327292649
24.67,,,65.87301647336740
24.68,,,64.60314366925110
24.69,,,63.082393177444200
24.7,,,61.43112453016410
24.71,,,60.36867443790410
24.72,,,61.69719865406510
24.73,,,65.49674226623960
24.740000000000000,,,69.30766006920070
24.75,323.0,,71.90685940369940
24.76,323.0,,73.36524674034820
24.77,307.0,,74.00428847236810
24.78,276.0,,74.18393912626150
24.79,256.0,,74.139575154539
24.8,243.0,,73.9671355101476
24.810000000000000,233.0,,73.81656975410340
24.82,237.0,,73.9043310959768
24.830000000000000,237.0,,74.24349762394720
24.84,235.0,,74.59605107397380
24.85,238.0,,74.75567157021970
24.86,241.0,,74.73668647715080
24.87,245.0,,74.72684907771510
24.88,246.0,,74.90811981877850
24.89,248.0,,75.29960702463440
24.900000000000000,252.0,,75.758358708875
24.91,262.0,,76.11311887917810
24.92,266.0,,76.26624962327850
24.93,266.0,,76.18525297828230
24.94,269.0,,75.89194756032920
24.95,274.0,,75.47319072596330
24.96,279.0,,75.0025002118748
24.97,286.0,,74.46405579979850
24.98,302.0,,73.83209170210460
24.990000000000000,310.0,,73.15906973576980
25.0,303.0,,72.5948324805299
25.01,309.0,,72.42441039363400
25.02,314.0,,72.85215089698280
25.03,308.0,,73.66638947119890
25.04,281.0,,74.48393792269580
25.05,235.0,,75.1572176529165
25.060000000000000,178.0,,75.71980044818720
25.07,123.0,,76.19758715448400
25.080000000000000,86.0,,76.53203881093080
25.09,69.0,,76.61273704500960
25.1,60.0,,76.37512911519000
25.11,52.0,,75.92529488765760
25.12,43.0,,75.5109585155868
25.13,36.0,,75.26354134051440
25.14,25.0,,75.09515188676330
25.150000000000000,10.0,,74.91828153980660
25.16,5.0,,74.73983964789000
25.17,4.0,,74.57311615668520
25.18,5.0,,74.42133915237910
25.19,2.0,,74.22385582774880
25.2,2.0,,73.77612847157870
25.21,-35.0,,72.81668812489770
25.22,-84.0,,71.16873469777940
25.23,-193.0,,68.78497825470450
25.240000000000000,-341.0,,65.76874438749820
25.25,,,62.510908741774400
25.26,75.0,,59.810010388680600
25.27,170.0,,58.305551614543
25.28,200.0,,58.28330752385810
25.29,,,60.50151200817010
25.3,,,64.59795872910130
25.310000000000000,,,68.62410274422360
25.32,-84.0,,71.66522518373090
25.330000000000000,-24.0,,73.75128545062210
25.34,-9.0,,75.09544179392560
25.35,-12.0,,75.9164580008667
25.36,-9.0,,76.36074898314680
25.37,-4.0,,76.47158802488300
25.38,-4.0,,76.24995635727110
25.39,-4.0,,75.73792598488940
25.400000000000000,-3.0,,74.98990724314950
25.41,3.0,,73.96305460690920
25.42,13.0,,72.53140826623780
25.43,11.0,,70.67486181010990
25.44,-10.0,,68.61505026800510
25.45,-33.0,,66.60750648572010
25.46,-27.0,,64.55865585166710
25.47,1.0,,62.16100159128380
25.48,,,59.582129206637800
25.490000000000000,,,57.70057622868030
25.5,,,56.98639738616310
25.51,,,56.79808168026210
25.52,,,56.45277463116320
25.53,,,55.81761450077500
25.54,,,55.10017867778440
25.55,,,54.8238488406656
25.560000000000000,,,55.93135297189450
25.57,,,59.09255472587200
25.580000000000000,,,63.426569584055600
25.59,-43.0,,67.37380609973180
25.6,28.0,,70.29922204113300
25.61,108.0,,72.20690452305950
25.62,165.0,,73.32517595443720
25.63,197.0,,73.97145996753570
25.64,210.0,,74.40290085593160
25.650000000000000,208.0,,74.69985106227070
25.66,205.0,,74.8384082324692
25.67,215.0,,74.84560831639990
25.68,226.0,,74.81216997868380
25.69,234.0,,74.78232189590860
25.7,224.0,,74.72178401632270
25.71,218.0,,74.63444369927970
25.72,234.0,,74.63113196421510
25.73,236.0,,74.77481802837740
25.740000000000000,233.0,,74.9342222780619
25.75,232.0,,74.93189238292010
25.76,217.0,,74.74703213590050
25.77,214.0,,74.50013383509700
25.78,221.0,,74.34526807242830
25.79,218.0,,74.37042164155330
25.8,223.0,,74.49267764166040
25.810000000000000,223.0,,74.4741303746892
25.82,203.0,,74.07662420757900
25.830000000000000,122.0,,73.18386940037530
25.84,42.0,,71.87259167214660
25.85,15.0,,70.44504824636050
25.86,4.0,,69.29048091119450
25.87,42.0,,68.7660551897292
25.88,77.0,,69.31238447393810
25.89,152.0,,70.99726533100740
25.900000000000000,236.0,,73.12961723600700
25.91,289.0,,75.03950749383920
25.92,292.0,,76.49720888935900
25.93,278.0,,77.46994722228820
25.94,269.0,,78.00195532294610
25.95,267.0,,78.18056058399080
25.96,266.0,,78.06527939235490
25.97,263.0,,77.61360461200080
25.98,264.0,,76.75229945930260
25.990000000000000,256.0,,75.76899422534070
26.0,255.0,,75.53081871392070
26.01,285.0,,76.3235831174002
26.02,307.0,,77.21212398582150
26.03,310.0,,77.47380897840940
26.04,318.0,,77.23164083153430
26.05,323.0,,76.94116419782850
26.060000000000000,319.0,,76.88720232167750
26.07,318.0,,76.98271544452430
26.080000000000000,303.0,,76.99801293439950
26.09,284.0,,76.84060084858620
26.1,270.0,,76.60865957956940
26.11,260.0,,76.4604520833356
26.12,249.0,,76.47714830784320
26.13,232.0,,76.64275142225520
26.14,212.0,,76.90060366258490
26.150000000000000,202.0,,77.19329544145880
26.16,208.0,,77.41984963606950
26.17,221.0,,77.42921294005220
26.18,242.0,,77.16933150266720
26.19,278.0,,76.80604700933000
26.2,311.0,,76.5866718503751
26.21,324.0,,76.56785599180790
26.22,327.0,,76.6005309343568
26.23,330.0,,76.56892330521010
26.240000000000000,318.0,,76.4994777508956
26.25,298.0,,76.47341824403320
26.26,276.0,,76.4974412229028
26.27,255.0,,76.464394626217
26.28,246.0,,76.30035009121640
26.29,234.0,,76.1265642858881
26.3,227.0,,76.09755318113220
26.310000000000000,230.0,,76.08749888092730
26.32,233.0,,75.78013293359170
26.330000000000000,230.0,,75.0616671555649
26.34,234.0,,74.22450791000250
26.35,244.0,,73.7933962502946
26.36,249.0,,73.99565768336410
26.37,241.0,,74.47535065433680
26.38,223.0,,74.63931457126740
26.39,188.0,,74.041907698849
26.400000000000000,189.0,,72.45698239136230
26.41,230.0,,69.90365318769940
26.42,251.0,,67.04108618256900
26.43,256.0,,65.49684433603890
26.44,,,66.05299890528810
26.45,,,67.57513332306700
26.46,,,69.12412993016380
26.47,-4.0,,70.53351500597820
26.48,-22.0,,71.71617574423170
26.490000000000000,17.0,,72.57563126506330
26.5,8.0,,73.08615439959480
26.51,-25.0,,73.29822790971690
26.52,-17.0,,73.28633816602110
26.53,-11.0,,73.06452888681500
26.54,-6.0,,72.5938960055235
26.55,8.0,,71.87459897354700
26.560000000000000,13.0,,70.93859987574180
26.57,6.0,,69.80090646618270
26.580000000000000,-85.0,,68.57244984642700
26.59,-190.0,,67.56633827594470
26.6,-206.0,,67.00547929166830
26.61,-243.0,,66.67324619715110
26.62,-252.0,,66.23433331806830
26.63,-263.0,,65.69194505985470
26.64,-270.0,,65.25190222364840
26.650000000000000,-365.0,,64.9723944039263
26.66,-467.0,,64.71868603210450
26.67,-443.0,,64.35343422471640
26.68,-442.0,,63.85135046645510
26.69,-442.0,,63.29084843163000
26.7,-464.0,,62.82958978872890
26.71,-477.0,,62.88894403418110
26.72,,,64.15086567403890
26.73,,,66.58620497276980
26.740000000000000,-133.0,,69.19861996206860
26.75,-65.0,,71.23648371102840
26.76,-22.0,,72.57978219755750
26.77,-13.0,,73.38451250272200
26.78,-14.0,,73.86986201329050
26.79,-18.0,,74.19222927960490
26.8,-24.0,,74.38202685235130
26.810000000000000,-35.0,,74.40976253080440
26.82,-49.0,,74.28438432017670
26.830000000000000,-52.0,,74.04061714374030
26.84,-49.0,,73.70575560357240
26.85,-44.0,,73.34869063369550
26.86,,,73.09087067743390
26.87,,,72.98838799330550
26.88,,,72.97837495253980
26.89,,,72.97826887845520
26.900000000000000,,,72.95880008300810
26.91,,,72.93314690176030
26.92,,,72.96081854649370
26.93,,,73.15916358098170
26.94,,,73.58640901902180
26.95,,,74.1049909138965
26.96,,,74.46823273350000
26.97,,,74.50595632764980
26.98,,,74.21835950916180
26.990000000000000,,,73.82046151640100
27.0,,,73.64543313569680
27.01,,,73.76373460543140
27.02,,,73.84622771046560
27.03,,,73.59091331369900
27.04,,,73.06744554687160
27.05,,,72.65868930374130
27.060000000000000,,,72.72937953170750
27.07,,,73.27134534365920
27.080000000000000,,,73.93678075170810
27.09,,,74.36579789908900
27.1,,,74.39889309731840
27.11,,,74.08887786929330
27.12,,,73.61057417983400
27.13,,,73.12202063524080
27.14,,,72.66204027065950
27.150000000000000,,,72.17582914230430
27.16,,,71.61274487319290
27.17,,,70.93614560963290
27.18,,,70.06717759093180
27.19,,,68.97420316159050
27.2,,,67.89562639539090
27.21,,,67.3073384881676
27.22,,,67.4049998500675
27.23,,,67.84536777994080
27.240000000000000,,,68.1877448511946
27.25,,,68.24416887579510
27.26,,,68.08697200202870
27.27,,,67.87903450323610
27.28,,,67.647738292489
27.29,,,67.31293154388230
27.3,,,66.92940341712650
27.310000000000000,,,66.65397343949970
27.32,,,66.47099979336540
27.330000000000000,,,66.22621177500190
27.34,,,65.90268862143860
27.35,,,65.66103632417070
27.36,,,65.6512503046335
27.37,,,65.88700019933370
27.38,,,66.28109077261330
27.39,,,66.68596045453590
27.400000000000000,,,66.86580242635970
27.41,,,66.54631554436750
27.42,,,65.56584050929090
27.43,,,64.01533462560980
27.44,,,62.3362199491655
27.45,,,61.117391888934600
27.46,,,60.44421087257360
27.47,,,59.71174778217030
27.48,,,58.263017453313
27.490000000000000,,,55.8804069756507
27.5,,,53.2012958046986
27.51,,,51.74872156259340
27.52,,,52.05399351071600
27.53,,,53.08118934219610
27.54,,,54.14812492423930
27.55,,,55.149791155278300
27.560000000000000,,,56.04754261485220
27.57,,,56.77068893910850
27.580000000000000,,,57.2440430273362
27.59,,,57.48724526449510
27.6,,,57.650590097978400
27.61,,,57.88611229924650
27.62,,,58.171884712791800
27.63,,,58.35497203484280
27.64,,,58.353825169899200
27.650000000000000,,,58.233303006506800
27.66,,,58.07778172116130
27.67,,,57.83751920264580
27.68,,,57.391641665994100
27.69,,,56.72697935452810
27.7,,,55.90651446222210
27.71,,,54.92347439822820
27.72,,,53.75278852069970
27.73,,,52.514259317558000
27.740000000000000,,,51.43926005383380
27.75,,,50.697576377574
27.76,,,50.35407879870990
27.77,,,50.30936675986370
27.78,,,50.251300480213800
27.79,,,50.17207229352050
27.8,,,0.0
27.810000000000000,,,0.0
27.82,,,0.0
27.830000000000000,,,0.0
27.84,,,0.0
27.85,,,0.0