time,pitch,energy
0.0,,0.0
0.01,,0.0
0.02,,0.0
0.03,,0.0
0.04,,0.0
0.05,,0.0
0.06,,0.0
0.07,,47.89785833542579
0.08,,47.92023580976492
0.09,,47.93404351756247
0.1,,47.9373500032672
0.11,,47.93389083876586
0.12,,47.92777297993015
0.13,,47.91129925248675
0.14,,47.87792361513081
0.15,,47.83744571059947
0.16,,47.811766723630285
0.17,,47.81456042829268
0.18,,47.83127653208179
0.19,,47.83722121953571
0.2,,47.83581640011748
0.21,,47.84631452099389
0.22,,47.864906486399654
0.23,,47.87893471796499
0.24,,47.894857076021886
0.25,,47.91617601527939
0.26,,47.92979496425516
0.27,,47.92901489021527
0.28,,47.91451944859846
0.29,,47.886846882221214
0.3,,47.86091238938922
0.31,,47.85124288913553
0.32,,47.84254271019196
0.33,,47.822739499097445
0.34,,47.82854492337604
0.35000000000000003,,47.92546392417304
0.36,,48.14891348913422
0.37,,48.45526572636588
0.38,,48.90394774549059
0.39,,50.24783351812455
0.4,,53.67791643514195
0.41000000000000003,,59.18167591385548
0.42,,65.23141399810973
0.43,,70.38674124926914
0.44,,74.13053656516423
0.45,,76.51247746782177
0.46,,77.8112256986778
0.47000000000000003,,78.39200748145953
0.48,,78.53570764748815
0.49,,78.34560656458791
0.5,,77.88592313375244
0.51,,77.31375202255978
0.52,,76.79107673368458
0.53,,76.39861957514002
0.54,,76.16500758791784
0.55,,76.05668221207587
0.56,,76.00299185084107
0.5700000000000001,,75.97672475892742
0.58,,75.93972285531531
0.59,,75.79484624410276
0.6,,75.50004404319841
0.61,,75.09394287588223
0.62,,74.56809101223956
0.63,,73.89871598801261
0.64,,73.27003389730673
0.65,,73.07502276433968
0.66,,73.46976724777258
0.67,,74.11698282224194
0.68,,74.58779188806187
0.6900000000000001,,74.7332644035883
0.7000000000000001,,74.65854266456589
0.71,,74.58966132490063
0.72,,74.73958347470985
0.73,,75.1537006074033
0.74,,75.64738339511618
0.75,,75.96127075057076
0.76,,75.98622694314672
0.77,,75.84176829047863
0.78,,75.72483251176074
0.79,,75.6279705313197
0.8,,75.29297852400552
0.81,,74.48375150349787
0.8200000000000001,,73.19772507746595
0.8300000000000001,,71.63563626506819
0.84,,70.07427092185702
0.85,,68.84911709905491
0.86,,68.4857293982439
0.87,,69.53863290695638
0.88,,71.77443053686552
0.89,,74.18912299238106
0.9,,76.10148256674738
0.91,,77.3151796095846
0.92,,77.77120295744794
0.93,,77.52461967564646
0.9400000000000001,,76.87041503552594
0.9500000000000001,,76.26612173143957
0.96,,75.93040964094986
0.97,,75.7159273963557
0.98,,75.49641058981285
0.99,,75.3189438211665
1.0,545.0,75.21825314103664
1.01,552.0,75.17936535713983
1.02,558.0,75.20739406091049
1.03,561.0,75.28798355264986
1.04,562.0,75.34912761754524
1.05,563.0,75.342600433835
1.06,566.0,75.30336179238667
1.07,567.0,75.24017169849475
1.08,569.0,75.04807316446114
1.09,573.0,74.64182730739819
1.1,576.0,74.08822800664372
1.11,578.0,73.50098424193489
1.12,580.0,72.89003906370183
1.1300000000000001,593.0,72.29794642578537
1.1400000000000001,622.0,72.02456729259251
1.1500000000000001,640.0,72.34462825358143
1.16,643.0,73.07345985482617
1.17,655.0,73.82466049641495
1.18,670.0,74.42951519007376
1.19,682.0,74.87479339692158
1.2,693.0,75.14349275411982
1.21,701.0,75.22848472473112
1.22,697.0,75.17767855920411
1.23,689.0,75.02238778814511
1.24,682.0,74.71859101458433
1.25,674.0,74.24870285009723
1.26,665.0,73.7372845905374
1.27,657.0,73.36558640509409
1.28,648.0,73.17842599630443
1.29,644.0,73.07496744276547
1.3,647.0,72.9805713815961
1.31,657.0,72.93584852845271
1.32,681.0,73.01482239728021
1.33,712.0,73.22260240101457
1.34,735.0,73.53584747463302
1.35,756.0,73.97262515176416
1.36,771.0,74.50214833416356
1.37,777.0,74.96023443495652
1.3800000000000001,767.0,75.18401929505296
1.3900000000000001,744.0,75.21218037137605
1.4000000000000001,708.0,75.29986962120151
1.41,672.0,75.6767520603915
1.42,655.0,76.29550189384061
1.43,660.0,76.89867402001086
1.44,675.0,77.25412282366503
1.45,697.0,77.25789297921095
1.46,715.0,76.89730791994157
1.47,720.0,76.17208626922042
1.48,724.0,75.04250137173
1.49,721.0,73.41267635102768
1.5,691.0,71.14255529511514
1.51,673.0,68.13862586215028
1.52,684.0,64.60532991164935
1.53,689.0,61.29531695934163
1.54,688.0,58.998038036613195
1.55,681.0,57.707649873561444
1.56,679.0,56.97297723745442
1.57,666.0,56.58316308010388
1.58,675.0,56.54041920548011
1.59,682.0,57.09082758149657
1.6,676.0,59.56352029470195
1.61,659.0,64.61960466727916
1.62,639.0,70.11633413554154
1.6300000000000001,,74.19019943886236
1.6400000000000001,,76.65795086995819
1.6500000000000001,555.0,77.72311200265479
1.6600000000000001,530.0,77.77902529967136
1.67,511.0,77.45276934922649
1.68,495.0,77.3009079484558
1.69,485.0,77.3768809854686
1.7,478.0,77.42607753030954
1.71,472.0,77.31023881118081
1.72,468.0,77.03455716776088
1.73,462.0,76.6959986184219
1.74,462.0,76.42005111709628
1.75,465.0,76.22070218609163
1.76,466.0,76.03907404386742
1.77,459.0,75.9115439694954
1.78,440.0,75.91217867286987
1.79,391.0,75.97720208235069
1.8,345.0,75.92425543050452
1.81,329.0,75.62399752291779
1.82,310.0,75.1276890651886
1.83,307.0,74.64580033736652
1.84,318.0,74.31575002153083
1.85,318.0,74.02270939664227
1.86,292.0,73.5778339367056
1.87,242.0,72.96027611110416
1.8800000000000001,189.0,72.3388561748423
1.8900000000000001,132.0,71.95917607523006
1.9000000000000001,78.0,71.9492518219797
1.9100000000000001,62.0,72.2325514593817
1.92,59.0,72.63706699416834
1.93,40.0,72.9576802960906
1.94,20.0,73.00955272359535
1.95,-0.0,72.7809318825411
1.96,-22.0,72.50643433732243
1.97,-38.0,72.50251433998466
1.98,-32.0,72.81840623133327
1.99,-18.0,73.13563755814134
2.0,-32.0,73.09704225076298
2.0100000000000002,-56.0,72.62144455690331
2.02,-65.0,71.9718253588844
2.0300000000000002,-68.0,71.5575861399022
2.04,-71.0,71.53426538934075
2.05,-71.0,71.68471589100136
2.06,-69.0,71.72307521596161
2.07,-64.0,71.54956471970401
2.08,-59.0,71.27763383062008
2.09,-56.0,71.12345910350518
2.1,-53.0,71.22475600409842
2.11,-51.0,71.54690343923112
2.12,-44.0,71.91626627177163
2.13,-38.0,72.11702851513819
2.14,-37.0,72.00309451905312
2.15,-43.0,71.55962296096727
2.16,-62.0,70.90329957125948
2.17,-80.0,70.23547022739587
2.18,-83.0,69.72217478923505
2.19,-86.0,69.37601792079117
2.2,-84.0,69.0937613723532
2.21,-76.0,68.81986545517333
2.22,-76.0,68.65806193174667
2.23,-63.0,68.8053199408163
2.24,-29.0,69.3177442185353
2.25,4.0,70.00416412869825
2.2600000000000002,27.0,70.62400709079284
2.27,53.0,71.03764458916105
2.2800000000000002,57.0,71.22970347854334
2.29,50.0,71.32856741557153
2.3000000000000003,25.0,71.4606200704288
2.31,-21.0,71.55718438776128
2.32,-57.0,71.4526021864089
2.33,-71.0,71.13840845388275
2.34,-84.0,70.7771973153651
2.35,-85.0,70.5390139232546
2.36,-62.0,70.4521642711284
2.37,-50.0,70.34185162336632
2.38,-37.0,69.95411387552646
2.39,-26.0,69.21186834049008
2.4,-12.0,68.35963018820605
2.41,-29.0,67.73542067181883
2.42,-55.0,67.35320710557521
2.43,-60.0,66.93511341287247
2.44,-69.0,66.26957836775195
2.45,-69.0,65.26452315905158
2.46,-63.0,63.91030227040909
2.47,-62.0,62.53797583429647
2.48,-61.0,62.05314781414359
2.49,-58.0,63.06738026594886
2.5,,64.93861660393182
2.5100000000000002,,66.6519492877514
2.52,,67.72267534345207
2.5300000000000002,,68.16692698890914
2.54,,68.38700828918938
2.5500000000000003,,68.76141947782159
2.56,,69.2256933381378
2.57,,69.4993547504682
2.58,,69.51768219950623
2.59,,69.3786408624481
2.6,,69.13336359498322
2.61,,68.71837626415595
2.62,,67.98760964728837
2.63,,66.75471195619922
2.64,,64.87365333577729
2.65,,62.3264471429455
2.66,,59.20940307449833
2.67,,56.39010242932344
2.68,,57.89159615042222
2.69,,64.49993442216605
2.7,,70.93115758589373
2.71,,75.26551701301102
2.72,146.0,77.77028872252092
2.73,264.0,78.74120031927662
2.74,303.0,78.5805539608421
2.75,343.0,77.95202207947143
2.7600000000000002,404.0,77.50752347793589
2.77,458.0,77.39380417542101
2.7800000000000002,492.0,77.33256997159047
2.79,522.0,77.12793694257766
2.8000000000000003,551.0,76.85467292942835
2.81,573.0,76.72128914737476
2.82,589.0,76.80914351117856
2.83,594.0,76.97522609321727
2.84,592.0,77.09155183799604
2.85,595.0,77.25451823726078
2.86,601.0,77.60995741645124
2.87,605.0,78.07805912039585
2.88,605.0,78.43017690558817
2.89,604.0,78.49987660256093
2.9,605.0,78.22441751922192
2.91,611.0,77.67141007933202
2.92,620.0,77.09975398011643
2.93,628.0,76.8616597358029
2.94,633.0,77.0217743755648
2.95,636.0,77.2086563925409
2.96,638.0,77.04099728245322
2.97,635.0,76.49661372457648
2.98,623.0,75.8225776460169
2.99,603.0,75.15853119478544
3.0,566.0,74.3101109227851
3.0100000000000002,564.0,72.96475993248737
3.02,590.0,71.18341950538742
3.0300000000000002,576.0,69.82117450531639
3.04,555.0,69.68190131336783
3.0500000000000003,537.0,70.34651324019947
3.06,533.0,71.03018521663182
3.0700000000000003,533.0,71.50243496663971
3.08,537.0,71.76863785872122
3.09,545.0,71.92693104342706
3.1,559.0,72.15722414282516
3.11,577.0,72.5936200508691
3.12,595.0,73.20281464613736
3.13,617.0,73.83509208775197
3.14,633.0,74.35016820257863
3.15,639.0,74.66780366733069
3.16,641.0,74.79039706369949
3.17,646.0,74.81533232349408
3.18,651.0,74.84730427921737
3.19,654.0,74.88530689324894
3.2,657.0,74.8682706132352
3.21,657.0,74.76490050543052
3.22,656.0,74.51090117383431
3.23,655.0,73.95246662648194
3.24,650.0,72.92619719911433
3.25,635.0,71.40335419549677
3.2600000000000002,615.0,69.60852801131828
3.27,602.0,68.09278190721943
3.2800000000000002,598.0,67.69621824922886
3.29,571.0,68.88952382748721
3.3000000000000003,554.0,70.97291587514248
3.31,597.0,72.79429785754564
3.3200000000000003,637.0,73.89717092046118
3.33,652.0,74.37978039660528
3.34,655.0,74.5074147841105
3.35,638.0,74.52370990056636
3.36,598.0,74.59279637167947
3.37,555.0,74.77819199905171
3.38,531.0,74.99789984511996
3.39,532.0,75.06044101312608
3.4,536.0,74.80850058838412
3.41,534.0,74.29270599653088
3.42,511.0,73.92059485276936
3.43,494.0,74.16257053487845
3.44,494.0,74.93897953957251
3.45,470.0,75.7898349141417
3.46,423.0,76.43828515516795
3.47,368.0,76.82300157898192
3.48,316.0,76.96876880022468
3.49,272.0,76.90582854343941
3.5,265.0,76.68580360369914
3.5100000000000002,249.0,76.4474202261232
3.52,240.0,76.28301249790994
3.5300000000000002,249.0,76.02189705091267
3.54,247.0,75.42851434675133
3.5500000000000003,234.0,74.60249625617472
3.56,232.0,73.91376316246891
3.5700000000000003,235.0,73.49805345229757
3.58,237.0,73.13321214619589
3.59,238.0,72.6769066481936
3.6,248.0,72.25880098544867
3.61,255.0,72.1527083760968
3.62,254.0,72.72834050878461
3.63,249.0,74.13780558921734
3.64,258.0,75.84991372544054
3.65,269.0,77.08900370562665
3.66,265.0,77.55744793642268
3.67,268.0,77.4443106097855
3.68,270.0,77.15725356861336
3.69,276.0,77.02717258564486
3.7,277.0,77.11780766331869
3.71,277.0,77.29211041952179
3.72,276.0,77.38946819476837
3.73,272.0,77.33251916822029
3.74,274.0,77.14905455145944
3.75,276.0,76.92542942590481
3.7600000000000002,284.0,76.69170135617003
3.77,290.0,76.37126614280255
3.7800000000000002,291.0,75.92113467040949
3.79,287.0,75.49167286721972
3.8000000000000003,289.0,75.29948739006467
3.81,293.0,75.34141299274316
3.8200000000000003,286.0,75.43024012400691
3.83,279.0,75.41310661490448
3.84,283.0,75.20160651054158
3.85,292.0,74.75979075662994
3.86,297.0,74.20122051936383
3.87,298.0,73.81123173200581
3.88,291.0,73.82248074682487
3.89,298.0,74.19397687462515
3.9,303.0,74.73317328149336
3.91,301.0,75.32154142982145
3.92,308.0,75.87733114687163
3.93,315.0,76.24330333633193
3.94,324.0,76.29313358229886
3.95,332.0,76.12881876394381
3.96,339.0,76.0330093626469
3.97,336.0,76.13918470284675
3.98,339.0,76.33818987740298
3.99,344.0,76.50366720063703
4.0,345.0,76.556471833748
4.01,350.0,76.42716874314019
4.0200000000000005,339.0,76.07175960627792
4.03,325.0,75.42457537060073
4.04,301.0,74.42332547275515
4.05,252.0,73.12913699943772
4.0600000000000005,155.0,71.71249754499104
4.07,42.0,70.34014202853353
4.08,-69.0,69.13351648435021
4.09,-198.0,68.13956540851004
4.1,-310.0,67.23959398392257
4.11,-366.0,66.2316262302103
4.12,,65.09254999307332
4.13,,64.23733244322656
4.14,,64.44615571574514
4.15,,65.97133508948902
4.16,,68.26721635913292
4.17,-169.0,70.87165670239261
4.18,-52.0,73.47640904639351
4.19,42.0,75.64746390165247
4.2,88.0,77.08064193229424
4.21,77.0,77.75110399569353
4.22,48.0,77.83632905125266
4.23,29.0,77.58571443346865
4.24,18.0,77.19200964534906
4.25,5.0,76.76806788871566
4.26,-9.0,76.37600229870084
4.2700000000000005,-22.0,76.03384484320671
4.28,-37.0,75.73024657729822
4.29,-48.0,75.37386726909132
4.3,-40.0,74.79240615020417
4.3100000000000005,-30.0,73.98993754273512
4.32,-9.0,73.34412073230824
4.33,1.0,73.22278693743941
4.34,-11.0,73.4502227613611
4.3500000000000005,-16.0,73.51030754337754
4.36,-5.0,73.06700869968412
4.37,3.0,72.1855706002014
4.38,14.0,71.33210857439184
4.39,23.0,70.89652904767723
4.4,22.0,70.73582027031554
4.41,-3.0,70.55318034969864
4.42,-22.0,70.27802521705895
4.43,-22.0,69.9420772614705
4.44,-20.0,69.56092978272778
4.45,-26.0,69.09419336696654
4.46,-27.0,68.44703113299943
4.47,-6.0,67.57042566641317
4.48,4.0,66.54134118010367
4.49,7.0,65.54783769323066
4.5,12.0,64.86327065174665
4.51,16.0,64.72194078591791
4.5200000000000005,16.0,65.0338830628008
4.53,22.0,65.40502105086655
4.54,19.0,65.52533797539031
4.55,1.0,65.35975539077666
4.5600000000000005,-15.0,65.0361772067187
4.57,-37.0,64.63222361716306
4.58,-66.0,64.09744269241884
4.59,-121.0,63.418930427532096
4.6000000000000005,-124.0,62.74180067051336
4.61,-55.0,62.20125631891212
4.62,-37.0,61.70995052266055
4.63,-23.0,60.99920973850911
4.64,-9.0,59.881835391962916
4.65,-10.0,58.56826786529442
4.66,-5.0,57.62559525899472
4.67,-18.0,57.26851222888504
4.68,-18.0,57.12900601723121
4.69,-20.0,56.92491339734066
4.7,,56.64873956129078
4.71,,56.36194759852127
4.72,,56.254322362575095
4.73,,56.46350987164333
4.74,-13.0,56.748121009921796
4.75,-12.0,56.78166133531985
4.76,,56.558912876958
4.7700000000000005,,56.273194193850514
4.78,,56.10976851198256
4.79,,56.213068643604956
4.8,,56.52739195089101
4.8100000000000005,,56.7511464870588
4.82,,56.77273195926334
4.83,,56.949802275787036
4.84,,57.61615597987386
4.8500000000000005,,58.532063174489885
4.86,-338.0,59.207874181318076
4.87,-410.0,59.37819955243421
4.88,-468.0,58.9734643686908
4.89,,58.02789213613192
4.9,,56.732430513302965
4.91,,55.44220011400108
4.92,,54.46467853094686
4.93,,53.812519269436066
4.94,,53.68759896706812
4.95,,55.792335125245756
4.96,,60.93183094635454
4.97,,66.80093294028333
4.98,,71.6457443447886
4.99,-38.0,75.30158954086738
5.0,131.0,77.83778000241243
5.01,270.0,79.3175521680344
5.0200000000000005,377.0,79.84202202603522
5.03,467.0,79.64683555743966
5.04,546.0,79.18481815186875
5.05,598.0,78.94392124736262
5.0600000000000005,632.0,79.03335208978653
5.07,641.0,79.22247141269729
5.08,649.0,79.356892396045
5.09,663.0,79.4334003486406
5.1000000000000005,674.0,79.46282505052534
5.11,677.0,79.46699923230904
5.12,669.0,79.51039313838399
5.13,669.0,79.60234346474594
5.14,682.0,79.63766971524579
5.15,687.0,79.51622844436393
5.16,682.0,79.24094588297814
5.17,684.0,78.89908560963262
5.18,690.0,78.62231585844586
5.19,692.0,78.4992132526981
5.2,691.0,78.44708105360228
5.21,678.0,78.25609998031385
5.22,676.0,77.79211729660463
5.23,683.0,77.0235575178001
5.24,683.0,75.84645646898795
5.25,692.0,74.01337141822387
5.26,685.0,71.28070933581026
5.2700000000000005,658.0,67.65149956127262
5.28,655.0,63.80296002060375
5.29,658.0,61.158696600117906
5.3,658.0,60.326925682961566
5.3100000000000005,670.0,60.37139424969032
5.32,690.0,60.5766532623405
5.33,688.0,61.104810953923895
5.34,663.0,62.06604950631208
5.3500000000000005,646.0,63.11522687440532
5.36,621.0,64.03035766812408
5.37,600.0,65.02246127919818
5.38,,66.34171673228671
5.39,,67.82464303760939
5.4,,69.03308317817914
5.41,,69.73158056850922
5.42,,70.51593463257888
5.43,,72.56053333024592
5.44,,75.59265178053064
5.45,708.0,78.10268004328755
5.46,771.0,79.4725036165908
5.47,851.0,79.81143079282113
5.48,908.0,79.46320286666439
5.49,945.0,78.8824654636636
5.5,974.0,78.48477073113166
5.51,997.0,78.40575533026566
5.5200000000000005,1005.0,78.48725747668915
5.53,995.0,78.56387343646136
5.54,993.0,78.59762292052902
5.55,996.0,78.60845820509326
5.5600000000000005,995.0,78.62911223524468
5.57,995.0,78.6376220333144
5.58,999.0,78.50010455389659
5.59,999.0,78.13565826753472
5.6000000000000005,994.0,77.7145994719087
5.61,989.0,77.43551121814613
5.62,990.0,77.13391800697447
5.63,982.0,76.42899516022312
5.64,955.0,75.16939453883866
5.65,938.0,73.55829326595574
5.66,899.0,71.87784887523816
5.67,914.0,70.06991585171242
5.68,971.0,67.8397677822541
5.69,938.0,65.53803994097863
5.7,948.0,64.60511596910035
5.71,978.0,65.78488245021154
5.72,831.0,67.97912145503463
5.73,622.0,69.99593035558259
5.74,576.0,71.48578309368328
5.75,541.0,72.54962406961998
5.76,536.0,73.3708206818784
5.7700000000000005,528.0,74.05836626446245
5.78,517.0,74.65499086046609
5.79,509.0,75.13623271173189
5.8,507.0,75.45032839888314
5.8100000000000005,505.0,75.61416957786038
5.82,506.0,75.64872863506749
5.83,500.0,75.5152830337566
5.84,486.0,75.25089453740853
5.8500000000000005,486.0,75.01031063860798
5.86,485.0,74.95580741048136
5.87,496.0,75.16771504465581
5.88,506.0,75.51364726910495
5.89,511.0,75.7091090210134
5.9,513.0,75.62791307223362
5.91,517.0,75.37981257693589
5.92,527.0,75.09639017493902
5.93,536.0,74.8174486025237
5.94,543.0,74.61835168530543
5.95,555.0,74.57861238137521
5.96,570.0,74.57756319005006
5.97,589.0,74.4620776135788
5.98,602.0,74.34104268911753
5.99,612.0,74.3844312733582
6.0,617.0,74.48185006370667
6.01,620.0,74.3421320081673
6.0200000000000005,621.0,73.73046524704988
6.03,604.0,72.49572921120854
6.04,577.0,70.58583749127537
6.05,562.0,68.1858248870625
6.0600000000000005,,65.83520016339463
6.07,,64.09045310134789
6.08,,62.93399649221068
6.09,,61.936102079013445
6.1000000000000005,,60.90092137212879
6.11,,60.073819435074554
6.12,,59.8854739882842
6.13,,60.40753268997113
6.140000000000001,,61.18643429773001
6.15,,61.82486147556039
6.16,,62.69621109038074
6.17,,64.98903582960311
6.18,,68.90097776625446
6.19,531.0,72.89862675167045
6.2,577.0,75.82965499013395
6.21,619.0,77.53059373866901
6.22,620.0,78.21089711487177
6.23,606.0,78.25358166504171
6.24,590.0,78.05622058573947
6.25,575.0,77.80120164828469
6.26,563.0,77.46360556773995
6.2700000000000005,553.0,77.0832756978429
6.28,544.0,76.8653994182417
6.29,537.0,76.93833141123336
6.3,528.0,77.17329787197939
6.3100000000000005,516.0,77.39299847185109
6.32,506.0,77.58579068724504
6.33,500.0,77.78333258968802
6.34,499.0,77.88739961481542
6.3500000000000005,500.0,77.77604466450559
6.36,501.0,77.53907637851579
6.37,506.0,77.37659077835765
6.38,513.0,77.17145242243706
6.390000000000001,510.0,76.4407349976011
6.4,485.0,74.72571676615799
6.41,464.0,71.81453367587253
6.42,,68.03833503732335
6.43,,65.08841882335905
6.44,,65.19709564367479
6.45,108.0,68.22934080373902
6.46,242.0,71.94535666153811
6.47,292.0,74.87537369214327
6.48,306.0,76.79274672142382
6.49,287.0,77.85484549725398
6.5,270.0,78.24808462194994
6.51,259.0,78.14112674457314
6.5200000000000005,254.0,77.80999469452075
6.53,254.0,77.69325444853618
6.54,262.0,77.99942935151061
6.55,266.0,78.40883970522356
6.5600000000000005,269.0,78.518295440601
6.57,279.0,78.25719989405134
6.58,289.0,77.78891498363976
6.59,301.0,77.30720397549862
6.6000000000000005,310.0,76.93195234534574
6.61,316.0,76.72161748039849
6.62,320.0,76.73132686532935
6.63,324.0,76.94847244907504
6.640000000000001,325.0,77.21165944462639
6.65,317.0,77.29629544629238
6.66,297.0,76.95925862579257
6.67,284.0,75.90260233330282
6.68,291.0,73.85588142495307
6.69,310.0,70.7812599158337
6.7,316.0,67.28306875276385
6.71,312.0,64.68679921123385
6.72,304.0,63.547935195402445
6.73,296.0,63.00922083125832
6.74,295.0,62.623165441452024
6.75,275.0,63.22702176688649
6.76,256.0,65.54002044028874
6.7700000000000005,,68.67515728201518
6.78,-132.0,71.31826375369414
6.79,2.0,73.0484631079983
6.8,25.0,73.98695101652437
6.8100000000000005,6.0,74.44463911850958
6.82,-4.0,74.69551677829557
6.83,-14.0,74.79724371235322
6.84,-27.0,74.6261333069018
6.8500000000000005,-44.0,74.05844309212817
6.86,-47.0,73.08630433456675
6.87,-41.0,71.82257826201706
6.88,-46.0,70.38599275309984
6.890000000000001,-58.0,68.72825836518719
6.9,-63.0,66.6572607147826
6.91,,64.17271086740296
6.92,,61.85244961036895
6.93,,60.497566285453665
6.94,,60.16283213863054
6.95,,60.32720145804172
6.96,,60.68915168219955
6.97,,61.27175263710654
6.98,,62.387878320657514
6.99,,64.04351894282095
7.0,,65.5550391985867
7.01,,66.43066707322066
7.0200000000000005,,67.09644323880633
7.03,,68.2963067202183
7.04,-60.0,69.9323381469921
7.05,-16.0,71.36707822648046
7.0600000000000005,20.0,72.41876557070056
7.07,17.0,73.20005127727131
7.08,0.0,73.72945237991532
7.09,-25.0,73.9899482142503
7.1000000000000005,-37.0,74.12424334190153
7.11,-35.0,74.33340761884105
7.12,-36.0,74.60599988535576
7.13,-43.0,74.71703545131615
7.140000000000001,-50.0,74.44626537823916
7.15,-35.0,73.69714401490731
7.16,-30.0,72.50245879836667
7.17,-99.0,70.95935466534374
7.18,-156.0,69.1417056066046
7.19,,67.13659179992104
7.2,,65.12147035700035
7.21,,63.239326190603755
7.22,-54.0,61.51319954948501
7.23,-50.0,59.994288709792635
7.24,-51.0,58.74846410160783
7.25,,57.77108146251243
7.26,,57.107741068332
7.2700000000000005,1179.0,57.015299952317214
7.28,1162.0,58.512504953476224
7.29,1156.0,62.271802084263726
7.3,,66.80749213111729
7.3100000000000005,,70.468156458908
7.32,25.0,73.00584864198984
7.33,145.0,74.67889809442856
7.34,180.0,75.84806798149593
7.3500000000000005,188.0,76.7345738506648
7.36,194.0,77.29712434861389
7.37,197.0,77.42538769840007
7.38,198.0,77.16264175110464
7.390000000000001,206.0,76.65460368090758
7.4,221.0,75.98948556175542
7.41,230.0,75.21188100969381
7.42,231.0,74.4819443587988
7.43,227.0,74.08551861079712
7.44,222.0,74.15034312922553
7.45,223.0,74.48581833526264
7.46,230.0,74.84307803190748
7.47,232.0,75.08854677275637
7.48,222.0,75.15263101957099
7.49,222.0,75.08720309220988
7.5,232.0,75.06521123326185
7.51,237.0,75.17426639591523
7.5200000000000005,237.0,75.35971814029297
7.53,239.0,75.5751850473963
7.54,244.0,75.80479642143987
7.55,244.0,76.00859879692027
7.5600000000000005,248.0,76.16112909223077
7.57,253.0,76.2703372813303
7.58,263.0,76.29611962167634
7.59,270.0,76.12522783571983
7.6000000000000005,278.0,75.73009115766993
7.61,277.0,75.33758610945138
7.62,275.0,75.26226191128393
7.63,276.0,75.5161477991522
7.640000000000001,269.0,75.85175959312281
7.65,269.0,76.12413112520198
7.66,269.0,76.32201041971628
7.67,264.0,76.42364739275273
7.68,261.0,76.39178777166447
7.69,260.0,76.24519225028543
7.7,262.0,76.0918208437837
7.71,264.0,76.07291928775314
7.72,264.0,76.24138225363511
7.73,266.0,76.5123601010455
7.74,270.0,76.74729430830084
7.75,297.0,76.87209036901052
7.76,314.0,76.90282861248451
7.7700000000000005,299.0,76.84301644190035
7.78,264.0,76.62361365743247
7.79,212.0,76.23058491620337
7.8,232.0,75.81126868894563
7.8100000000000005,275.0,75.53578977641024
7.82,289.0,75.44402941697928
7.83,281.0,75.51024551041425
7.84,274.0,75.67817624135891
7.8500000000000005,266.0,75.83099580548237
7.86,234.0,75.95018646233402
7.87,215.0,76.16922887179723
7.88,208.0,76.45479060830755
7.890000000000001,211.0,76.48427820716887
7.9,218.0,76.03024689678423
7.91,231.0,75.33437522545697
7.92,257.0,75.02417195282653
7.930000000000001,291.0,75.42517824130424
7.94,317.0,76.15430022825745
7.95,330.0,76.67380483421304
7.96,328.0,76.77606487217709
7.97,308.0,76.54027762028781
7.98,276.0,76.15378486849204
7.99,248.0,75.75982943379566
8.0,220.0,75.4093653649886
8.01,191.0,75.10614925276165
8.02,188.0,74.89624733135093
8.03,199.0,74.87815379086005
8.040000000000001,212.0,75.02106925739986
8.05,223.0,75.07781251787922
8.06,206.0,74.7776093428115
8.07,197.0,73.97156380205763
8.08,191.0,72.59642197003694
8.09,176.0,70.64738751743114
8.1,185.0,68.32955960650467
8.11,221.0,66.25121556330419
8.120000000000001,220.0,64.91602429838612
8.13,215.0,64.0313440397873
8.14,230.0,63.13158942309741
8.15,257.0,62.32471991007453
8.16,254.0,62.197011874233596
8.17,247.0,63.83123265703985
8.18,260.0,67.4035309174989
8.19,,71.30420879970018
8.2,-14.0,74.24887846165011
8.21,24.0,75.97500648048056
8.22,-2.0,76.48251829332997
8.23,-10.0,75.7825369940545
8.24,-83.0,73.91030910480836
8.25,-209.0,71.16353928759777
8.26,-318.0,68.44927431048475
8.27,-324.0,66.66590043608365
8.28,-223.0,65.68636019161664
8.290000000000001,-221.0,65.02502955029647
8.3,-330.0,64.71591955703332
8.31,-456.0,65.3703558197835
8.32,-366.0,67.55583567955763
8.33,-132.0,70.50515266755599
8.34,7.0,72.88276105403925
8.35,-5.0,74.25633023098005
8.36,-26.0,74.8785951812313
8.370000000000001,-25.0,75.22078774923263
8.38,-15.0,75.54486404803887
8.39,-6.0,75.74166977114976
8.4,-10.0,75.64186808594559
8.41,-18.0,75.29346901871222
8.42,-24.0,74.91801986902911
8.43,-25.0,74.7068297927953
8.44,-33.0,74.68089485273882
8.45,-36.0,74.71142932024655
8.46,-28.0,74.60298507505614
8.47,-17.0,74.218714263108
8.48,-0.0,73.62571305025313
8.49,22.0,73.07124488650788
8.5,47.0,72.75897464531684
8.51,64.0,72.7233498806643
8.52,82.0,72.8877255845158
8.53,93.0,73.11386675892332
8.540000000000001,80.0,73.28523364190481
8.55,56.0,73.36689958651688
8.56,30.0,73.30876280450052
8.57,-1.0,73.00991028108957
8.58,-38.0,72.49154105332448
8.59,-58.0,72.00050169985546
8.6,-54.0,71.75536337083253
8.61,-40.0,71.67995915782069
8.620000000000001,-36.0,71.57333951003788
8.63,-23.0,71.31959835820908
8.64,3.0,70.86138256640677
8.65,33.0,70.28270756084889
8.66,64.0,69.86872400407167
8.67,63.0,69.74394758568572
8.68,66.0,69.66428295058614
8.69,70.0,69.44601445782554
8.700000000000001,60.0,69.210312516966
8.71,37.0,69.11021031333989
8.72,-2.0,69.13598783850045
8.73,-21.0,69.21982972564824
8.74,-24.0,69.33189842979074
8.75,-20.0,69.42231832760886
8.76,-22.0,69.41365339151805
8.77,-29.0,69.32916946928529
8.78,-18.0,69.28425457839742
8.790000000000001,-6.0,69.2697200909056
8.8,-9.0,69.13887680768413
8.81,-26.0,68.86097141159591
8.82,-36.0,68.56514387275227
8.83,-34.0,68.3090131134844
8.84,-39.0,68.00752309879508
8.85,-32.0,67.58844280185033
8.86,-29.0,67.01970895745252
8.870000000000001,-32.0,66.21862050566249
8.88,-34.0,65.07150055829716
8.89,-36.0,63.52079805737364
8.9,-18.0,61.60221655116528
8.91,-2.0,59.45332304213809
8.92,-4.0,57.34205610244133
8.93,,55.61780350101575
8.94,,54.49037410480036
8.950000000000001,,53.96784423874306
8.96,,53.979735531635654
8.97,,54.33206047569736
8.98,-2.0,54.85687302161225
8.99,,55.65076486192561
9.0,,56.88041036473281
9.01,-3.0,58.51342917341283
9.02,-4.0,60.20015823645448
9.03,,61.395594670935026
9.040000000000001,,61.73447078383257
9.05,,61.17522902074018
9.06,,59.87531727812716
9.07,,58.07962539591391
9.08,,56.165797675994135
9.09,,54.6659683009514
9.1,,53.85790077307527
9.11,,53.44628222248429
9.120000000000001,,53.07343337861491
9.13,,52.89216617857086
9.14,,53.269691064813195
9.15,,54.06822843984258
9.16,,54.752615972150124
9.17,4.0,55.076865715575906
9.18,1.0,55.17421281032333
9.19,-3.0,55.19410411211793
9.200000000000001,-0.0,55.109149609095454
9.21,-5.0,54.88465369603287
9.22,,54.62307313112396
9.23,,54.475563479139964
9.24,,54.52292122021894
9.25,,54.75414420819929
9.26,,55.14285939230248
9.27,,55.687368212113235
9.28,,56.30543864730431
9.290000000000001,,56.810951519991455
9.3,,57.09490971247492
9.31,,57.221263954381946
9.32,,57.289353589691274
9.33,,57.2958647721832
9.34,,57.17959543972847
9.35,,56.91777039536895
9.36,,56.56027232890854
9.370000000000001,,56.25214103246229
9.38,,56.16834346212178
9.39,,56.2731038845232
9.4,,56.22333866490188
9.41,-21.0,55.63423689699286
9.42,-27.0,54.35546979551112
9.43,,52.60315657137777
9.44,,51.00814510898983
9.450000000000001,,50.20095848819059
9.46,,50.28666320726145
9.47,,51.30542111824763
9.48,,53.534838000695345
9.49,,56.60612756480352
9.5,,59.53482389208921
9.51,,61.736714474768874
9.52,,63.219655110482144
9.53,,64.57012078572086
9.540000000000001,,66.93082295079965
9.55,,70.63276157995325
9.56,,74.48201216154389
9.57,7.0,77.37019162195737
9.58,166.0,78.9566629447188
9.59,267.0,79.23842849135147
9.6,343.0,78.45742725991249
9.61,400.0,77.30024950364495
9.620000000000001,435.0,76.71401706014582
9.63,459.0,76.91924501158233
9.64,496.0,77.27399331539296
9.65,529.0,77.32500118851361
9.66,547.0,77.14963153661162
9.67,555.0,77.03036214771889
9.68,563.0,77.08917155779646
9.69,573.0,77.22323964389722
9.700000000000001,580.0,77.330735634389
9.71,586.0,77.3849627572898
9.72,600.0,77.36678847476831
9.73,613.0,77.29286311921939
9.74,621.0,77.21365784120081
9.75,625.0,77.12777218893676
9.76,635.0,77.04071617618501
9.77,643.0,77.02270373770311
9.78,647.0,77.03747382958899
9.790000000000001,657.0,76.93593519567828
9.8,667.0,76.71729294706188
9.81,677.0,76.53540417772753
9.82,686.0,76.42177340128713
9.83,689.0,76.20708949923039
9.84,693.0,75.7522658712075
9.85,696.0,75.14882324472632
9.86,696.0,74.65739748309005
9.870000000000001,698.0,74.44184604777219
9.88,701.0,74.40872625745189
9.89,705.0,74.3448362885399
9.9,707.0,74.14020235385907
9.91,707.0,73.84025438892846
9.92,707.0,73.51916212845309
9.93,706.0,73.1877955139313
9.94,701.0,72.85814667258285
9.950000000000001,689.0,72.58677982798466
9.96,671.0,72.43960757076357
9.97,639.0,72.50795885690526
9.98,606.0,72.85506738044826
9.99,580.0,73.40616255850121
10.0,563.0,74.05076619224457
10.01,545.0,74.73409657288133
10.02,528.0,75.3401890001106
10.03,516.0,75.68523432476957
10.040000000000001,511.0,75.66089576924507
10.05,519.0,75.30468622849715
10.06,532.0,74.75858309192213
10.07,544.0,74.17006439631457
10.08,556.0,73.67607977821723
10.09,565.0,73.46186390601581
10.1,576.0,73.60679196507687
10.11,588.0,73.93611260472778
10.120000000000001,603.0,74.24189938508972
10.13,615.0,74.45742575501444
10.14,627.0,74.61081373656138
10.15,640.0,74.81697491174158
10.16,646.0,75.18687471685536
10.17,654.0,75.65244239083285
10.18,658.0,76.03513660705441
10.19,660.0,76.26447529068544
10.200000000000001,661.0,76.38958086512928
10.21,660.0,76.43779868430505
10.22,660.0,76.39831451680881
10.23,661.0,76.31698077171534
10.24,659.0,76.2736667268823
10.25,658.0,76.28943789102051
10.26,656.0,76.33908040681663
10.27,656.0,76.40512036983503
10.28,658.0,76.4579189616571
10.290000000000001,664.0,76.4186649718433
10.3,676.0,76.23600730595716
10.31,694.0,76.04568272963716
10.32,712.0,76.12140173915957
10.33,731.0,76.5373916395566
10.34,744.0,77.06272345668003
10.35,745.0,77.43371223671828
10.36,739.0,77.50338570433308
10.370000000000001,725.0,77.25941476558947
10.38,707.0,76.87765793649062
10.39,688.0,76.57968331521731
10.4,666.0,76.35192859973142
10.41,653.0,76.03211035168292
10.42,646.0,75.64803378179151
10.43,645.0,75.42089101587065
10.44,649.0,75.45747356912176
10.450000000000001,660.0,75.64594813003517
10.46,679.0,75.87534483310544
10.47,701.0,76.11681410546817
10.48,712.0,76.29246544859504
10.49,718.0,76.29233254371472
10.5,719.0,76.1089733593835
10.51,717.0,75.80855516637945
10.52,709.0,75.42074150217034
10.53,693.0,74.97728011059925
10.540000000000001,674.0,74.57797410300765
10.55,658.0,74.27121318837887
10.56,649.0,73.91500887674921
10.57,652.0,73.26183975518633
10.58,665.0,72.17706671204164
10.59,691.0,70.74375804308065
10.6,732.0,69.10361876029124
10.61,757.0,67.24488783448311
10.620000000000001,,65.18894291921936
10.63,658.0,63.329843903225715
10.64,667.0,62.07687111800806
10.65,673.0,61.29105470265397
10.66,673.0,60.69385382562043
10.67,667.0,60.358958207330666
10.68,664.0,60.41060404163719
10.69,676.0,60.94274219950294
10.700000000000001,666.0,62.22484864114523
10.71,649.0,64.25554571709795
10.72,576.0,66.5410651965432
10.73,481.0,68.64016159845275
10.74,494.0,70.32681071901455
10.75,522.0,71.46873458938607
10.76,505.0,72.064253043468
10.77,492.0,72.27478674611996
10.78,486.0,72.35671166420816
10.790000000000001,483.0,72.52170232487842
10.8,485.0,72.80231602063604
10.81,491.0,73.06288975375496
10.82,497.0,73.14999856656114
10.83,495.0,72.98622056847604
10.84,483.0,72.58106152842896
10.85,459.0,72.10329012570405
10.86,416.0,71.89550252654448
10.870000000000001,368.0,72.14148427098907
10.88,347.0,72.63605816187808
10.89,355.0,73.15751952991138
10.9,380.0,73.7058981160458
10.91,408.0,74.20842947746617
10.92,414.0,74.39817957189426
10.93,376.0,74.10866778848458
10.94,302.0,73.49304929506344
10.950000000000001,224.0,72.8739078354494
10.96,137.0,72.42379025785468
10.97,62.0,72.1383027650913
10.98,22.0,72.05132177907849
10.99,-17.0,72.2019895880117
11.0,-40.0,72.44488065013083
11.01,-58.0,72.54408575976785
11.02,-71.0,72.46456173163638
11.03,-70.0,72.38078996828978
11.040000000000001,-62.0,72.36539895658586
11.05,-54.0,72.25934226753061
11.06,-51.0,71.92351154432623
11.07,-44.0,71.44966636234491
11.08,-26.0,71.03248427434694
11.09,-16.0,70.70548012898334
11.1,-25.0,70.36485407770343
11.11,-28.0,70.06012073349375
11.120000000000001,-22.0,70.16161992565908
11.13,-38.0,71.14162012086571
11.14,-53.0,72.89879565707277
11.15,-39.0,74.58263770442112
11.16,-11.0,75.37105930470157
11.17,-54.0,74.9670680923775
11.18,-110.0,73.7775461691552
11.19,-88.0,73.09772327780054
11.200000000000001,-63.0,73.75181240424185
11.21,-45.0,74.96465480194384
11.22,-34.0,75.87482924522581
11.23,-29.0,76.34834272264116
11.24,-25.0,76.46945789335102
11.25,-19.0,76.35121207154448
11.26,-11.0,76.14421921073823
11.27,-7.0,76.00678920219183
11.28,-13.0,75.98421118507328
11.290000000000001,-22.0,75.99376128075795
11.3,-25.0,75.99377413976777
11.31,-19.0,76.05939172400342
11.32,4.0,76.22990696873096
11.33,37.0,76.40454412774658
11.34,73.0,76.47060548613379
11.35,105.0,76.43424136467516
11.36,126.0,76.37632131326642
11.370000000000001,131.0,76.35918137783298
11.38,115.0,76.40653879610004
11.39,85.0,76.50622741379328
11.4,63.0,76.5906098437128
11.41,30.0,76.55147793256576
11.42,-11.0,76.30408473663265
11.43,-30.0,75.83935676254309
11.44,-33.0,75.2247936148971
11.450000000000001,-28.0,74.54109480396808
11.46,-16.0,73.76193539049264
11.47,-1.0,72.72039722469138
11.48,18.0,71.27522292898202
11.49,29.0,69.47314743666026
11.5,4.0,67.48936197669984
11.51,-21.0,65.49594550443673
11.52,-24.0,63.664230215254264
11.53,9.0,62.131228662024895
11.540000000000001,46.0,60.95584209605888
11.55,44.0,60.5472450722173
11.56,50.0,61.7569140362043
11.57,30.0,64.33324623566078
11.58,5.0,66.7967431008758
11.59,24.0,68.41954384325848
11.6,11.0,69.43857064744329
11.61,-36.0,70.28817425626828
11.620000000000001,-41.0,71.04896913746586
11.63,-23.0,71.48067644561115
11.64,-35.0,71.45581661966085
11.65,-35.0,71.11812910644362
11.66,-24.0,70.78036512023971
11.67,-28.0,70.75922156147658
11.68,-22.0,71.12487981270479
11.69,-7.0,71.5583183650468
11.700000000000001,-3.0,71.56846093108314
11.71,-7.0,70.81164236255229
11.72,-9.0,69.31217675675354
11.73,,67.74918660706402
11.74,,67.08992980960349
11.75,,67.32656706069467
11.76,,67.62036873792741
11.77,,67.57833656906702
11.78,,67.33909882375076
11.790000000000001,,67.16562609868842
11.8,,67.23078671672398
11.81,,67.54884577702673
11.82,,67.92729742742945
11.83,,68.09213946266371
11.84,,67.93704462573885
11.85,,67.53290033887323
11.86,,67.15875304928902
11.870000000000001,,67.88519941607979
11.88,,70.50741972625588
11.89,548.0,73.77866850345912
11.9,550.0,76.20744115707582
11.91,567.0,77.58255941451196
11.92,587.0,78.21180453966582
11.93,601.0,78.49279093419008
11.94,605.0,78.67298645331216
11.950000000000001,611.0,78.81717740276343
11.96,624.0,78.95315228722507
11.97,637.0,79.06541450864509
11.98,648.0,79.0435100294319
11.99,666.0,78.82453679397125
12.0,678.0,78.54544540031497
12.01,683.0,78.47589559464576
12.02,686.0,78.7531499094016
12.030000000000001,694.0,79.22119256329974
12.040000000000001,701.0,79.57123215140442
12.05,709.0,79.54423395817544
12.06,724.0,79.0439348655328
12.07,731.0,78.22829650877911
12.08,729.0,77.45942016604673
12.09,727.0,77.0271496906044
12.1,720.0,77.03882943806948
12.11,712.0,77.53042789527665
12.120000000000001,696.0,78.38664499347371
12.13,678.0,79.33262670275013
12.14,665.0,80.0993756497987
12.15,655.0,80.4467935032715
12.16,639.0,80.17702821995128
12.17,608.0,79.27734451525629
12.18,581.0,78.16284530647874
12.19,572.0,77.58775673217502
12.200000000000001,585.0,77.7841401546027
12.21,601.0,78.23588735391877
12.22,610.0,78.6085796738775
12.23,628.0,78.95405233377856
12.24,652.0,79.24013999966269
12.25,659.0,79.27003250728279
12.26,667.0,78.97360356446701
12.27,688.0,78.57817707186081
12.280000000000001,709.0,78.39278566164978
12.290000000000001,719.0,78.4278342399403
12.3,721.0,78.41946246548618
12.31,713.0,78.1538008513192
12.32,710.0,77.6043702074173
12.33,716.0,76.95438052145359
12.34,716.0,76.45867501119302
12.35,689.0,76.03903733792657
12.36,635.0,75.19111797336777
12.370000000000001,625.0,73.3927296971499
12.38,649.0,70.37176108975405
12.39,664.0,66.2402266517537
12.4,671.0,62.01979139380908
12.41,645.0,59.425299007143884
12.42,635.0,59.16683158209266
12.43,687.0,60.78772890653136
12.44,736.0,63.35078492096467
12.450000000000001,,65.80197968508301
12.46,,68.13888820777497
12.47,,70.75646454636494
12.48,535.0,73.3189938897067
12.49,540.0,75.1667132721949
12.5,589.0,76.01761700560192
12.51,585.0,75.89357805910267
12.52,547.0,75.03922646233731
12.530000000000001,518.0,74.06486994375743
12.540000000000001,500.0,73.65193164559969
12.55,517.0,73.7242045812884
12.56,557.0,73.593058379342
12.57,567.0,72.85268719825135
12.58,522.0,71.54376037739038
12.59,474.0,70.01852726197546
12.6,,68.77291374339825
12.61,,68.06783239459587
12.620000000000001,,67.83406471602517
12.63,,67.95150507486008
12.64,,68.2769431803222
12.65,,68.62105617588402
12.66,,68.87172602793233
12.67,565.0,68.92938335570256
12.68,557.0,68.58380048889866
12.69,555.0,67.59982158793227
12.700000000000001,563.0,65.87708404095366
12.71,565.0,63.61105494125986
12.72,602.0,61.52341355682479
12.73,645.0,60.492825698155464
12.74,647.0,61.283423543019396
12.75,637.0,64.43399813614687
12.76,632.0,68.72850518322102
12.77,,72.27138676572108
12.780000000000001,,74.73314902924952
12.790000000000001,277.0,76.42589216042448
12.8,269.0,77.59918202231101
12.81,255.0,78.27345588723199
12.82,244.0,78.38654744755158
12.83,242.0,78.02877424281355
12.84,243.0,77.49489368758046
12.85,246.0,77.08184306817417
12.86,246.0,76.85763507721116
12.870000000000001,248.0,76.72880630035013
12.88,255.0,76.65504372990539
12.89,259.0,76.67275698216582
12.9,262.0,76.76012552487998
12.91,265.0,76.76225241656194
12.92,271.0,76.50592973886687
12.93,284.0,75.96494629166274
12.94,297.0,75.2442880340283
12.950000000000001,312.0,74.42232930928941
12.96,327.0,73.52404252243122
12.97,330.0,72.62196785026127
12.98,325.0,71.7333315551272
12.99,316.0,70.65023859836033
13.0,303.0,69.11304618701406
13.01,326.0,67.11089865765449
13.02,379.0,64.90097055592415
13.030000000000001,365.0,62.754725383000654
13.040000000000001,288.0,60.85268718380638
13.05,280.0,59.55910153078276
13.06,285.0,59.28115391666156
13.07,274.0,59.791103252232126
13.08,274.0,60.37285009350458
13.09,,60.67179353836
13.1,,61.331344392602304
13.11,,63.39170872254197
13.120000000000001,,66.41938465601226
13.13,-112.0,69.04983638729526
13.14,-83.0,70.79150377970741
13.15,-37.0,71.7505855229465
13.16,1.0,72.16941644804126
13.17,9.0,72.29990561008677
13.18,-1.0,72.32984585960655
13.19,-8.0,72.33876216300534
13.200000000000001,-15.0,72.34382910356979
13.21,-28.0,72.36659995213614
13.22,-44.0,72.3921219645119
13.23,-47.0,72.31510185038954
13.24,-53.0,72.03847842165978
13.25,-62.0,71.6136586145077
13.26,-71.0,71.22410951303756
13.27,-84.0,71.0198581056038
13.280000000000001,-82.0,70.99196284213427
13.290000000000001,-58.0,71.04251907093116
13.3,-29.0,71.12863626028891
13.31,9.0,71.28837905367406
13.32,41.0,71.56203577765412
13.33,70.0,71.8923483542895
13.34,98.0,72.11331497276663
13.35,123.0,72.08628138651304
13.36,115.0,71.82284845301739
13.370000000000001,83.0,71.46059107762387
13.38,55.0,71.17169912611318
13.39,23.0,71.06364500454414
13.4,-4.0,71.0721721388332
13.41,-10.0,70.99479405448234
13.42,-30.0,70.69143301240423
13.43,-38.0,70.18869653067831
13.44,-20.0,69.58816661977599
13.450000000000001,-17.0,68.96548839773547
13.46,-14.0,68.40132300324417
13.47,-17.0,68.019288207883
13.48,-27.0,67.89855292305995
13.49,-32.0,67.98218779101931
13.5,-25.0,68.10424954183566
13.51,-39.0,68.11070319224876
13.52,-72.0,67.9875443900427
13.530000000000001,-95.0,67.82278312310675
13.540000000000001,-100.0,67.61184595917469
13.55,-100.0,67.25398715560448
13.56,-116.0,66.78365875839567
13.57,-119.0,66.39603226888302
13.58,-96.0,66.14686450916513
13.59,-57.0,65.78144793982452
13.6,-9.0,64.95489944486023
13.61,21.0,63.59801887512245
13.620000000000001,15.0,62.22699702337427
13.63,38.0,61.59489406261053
13.64,40.0,61.69287047387896
13.65,60.0,61.92578218363678
13.66,64.0,62.05607943090712
13.67,-5.0,62.101802941178505
13.68,-49.0,61.95579950876588
13.69,-9.0,61.420574491264304
13.700000000000001,10.0,60.405905603943495
13.71,-65.0,58.98728603078279
13.72,-121.0,57.37249115271034
13.73,,55.92739200860219
13.74,,55.023108479300866
13.75,,54.584308454567726
13.76,,54.15667482897616
13.77,,53.50495897330178
13.780000000000001,,52.75834560031042
13.790000000000001,,52.244468853279145
13.8,,52.343079234239596
13.81,,53.07031003247857
13.82,,53.905025822082266
13.83,,54.38444543781086
13.84,,54.5036270630157
13.85,,54.51925117671039
13.86,,54.67554169009688
13.870000000000001,,55.091571412387005
13.88,,55.72778078810939
13.89,,56.3892076819286
13.9,,56.85962168440159
13.91,,57.07676754299225
13.92,,57.158698003834985
13.93,,57.23501642642519
13.94,,57.282205782431845
13.950000000000001,,57.1901714086797
13.96,,56.93140594463041
13.97,,56.57263955783911
13.98,,56.1558995515618
13.99,,55.69057880574361
14.0,,55.29848921112367
14.01,,55.162387381260935
14.02,,55.189384919527924
14.030000000000001,,54.99207747855764
14.040000000000001,,54.328773039514466
14.05,,53.3394363320883
14.06,,52.301887000255725
14.07,,51.35682116964699
14.08,,50.699585402409895
14.09,,50.62911514142558
14.1,,51.183943726811364
14.11,,52.56211744832165
14.120000000000001,,56.027276891305384
14.13,,62.10099728937168
14.14,,68.7702044148844
14.15,,74.12894505998136
14.16,-10.0,77.80213143449828
14.17,59.0,79.87152497013304
14.18,183.0,80.50629754039235
14.19,280.0,79.9529753512646
14.200000000000001,352.0,78.62699060597934
14.21,433.0,77.16861787131478
14.22,490.0,76.145276505786
14.23,526.0,75.63007037619712
14.24,569.0,75.42653612942756
14.25,610.0,75.50605441760123
14.26,639.0,75.85928750138731
14.27,652.0,76.27634327829531
14.280000000000001,658.0,76.53367215191358
14.290000000000001,662.0,76.62515046333434
14.3,666.0,76.69891836864676
14.31,669.0,76.83911062825068
14.32,673.0,76.98837112871519
14.33,673.0,77.05647083001801
14.34,669.0,77.01416852404388
14.35,669.0,76.91862748241599
14.36,670.0,76.88598925678967
14.370000000000001,671.0,76.94574046998594
14.38,670.0,76.92788994168116
14.39,674.0,76.6112348545669
14.4,678.0,75.94363587327878
14.41,680.0,75.05597076611444
14.42,684.0,74.15023965547466
14.43,688.0,73.46237732344264
14.44,703.0,73.19597992808411
14.450000000000001,735.0,73.29399884620722
14.46,773.0,73.40525704075195
14.47,817.0,73.12717221233554
14.48,847.0,72.15406602308515
14.49,804.0,70.43416651516822
14.5,731.0,68.98699547187258
14.51,748.0,69.52107629320064
14.52,824.0,71.46692225960314
14.530000000000001,849.0,72.7154249582696
14.540000000000001,755.0,72.72559551257905
14.55,702.0,72.17483292668386
14.56,728.0,72.19452081429762
14.57,741.0,73.07700246257744
14.58,752.0,74.07765771675457
14.59,749.0,74.64095787675089
14.6,743.0,74.83193775734479
14.61,725.0,75.22826856116434
14.620000000000001,711.0,76.21418062705233
14.63,,77.32190614712532
14.64,941.0,77.92306780564226
14.65,932.0,77.9664664975627
14.66,936.0,77.81986632664074
14.67,944.0,77.86126519664258
14.68,948.0,78.18074369179054
14.69,952.0,78.60785410978522
14.700000000000001,956.0,78.90417537092142
14.71,956.0,78.88873436126448
14.72,956.0,78.52538761316411
14.73,955.0,77.97733361256672
14.74,953.0,77.52129005149855
14.75,954.0,77.37266557688139
14.76,954.0,77.62788243316058
14.77,952.0,78.24882431168591
14.780000000000001,947.0,79.00468095727577
14.790000000000001,942.0,79.54076593941095
14.8,934.0,79.53111613314059
14.81,905.0,78.8059190787861
14.82,861.0,77.48193706646498
14.83,805.0,76.00520012874942
14.84,740.0,74.86077862076941
14.85,685.0,74.20434069727446
14.86,640.0,73.96287347884244
14.870000000000001,611.0,74.0465079730712
14.88,598.0,74.33190560646412
14.89,584.0,74.69743093659716
14.9,574.0,75.05258644038136
14.91,567.0,75.30826085744995
14.92,559.0,75.41105291617522
14.93,553.0,75.39461382587335
14.94,545.0,75.35163927652717
14.950000000000001,532.0,75.3299071199306
14.96,516.0,75.24670990116655
14.97,497.0,74.91786613626414
14.98,482.0,74.17527122177542
14.99,490.0,73.03815121386653
15.0,496.0,71.89073747458951
15.01,492.0,71.3085775639209
15.02,491.0,71.4696669150251
15.030000000000001,492.0,72.00661199932475
15.040000000000001,487.0,72.47424998751482
15.05,483.0,72.67424895117468
15.06,480.0,72.6593416034662
15.07,482.0,72.52410383818861
15.08,488.0,72.22586804796298
15.09,492.0,71.68002507631351
15.1,496.0,70.94412533767361
15.11,495.0,70.22064776486613
15.120000000000001,488.0,69.71384494328808
15.13,483.0,69.47993446165643
15.14,486.0,69.39177726441449
15.15,481.0,69.26248171992161
15.16,473.0,68.9934800443126
15.17,475.0,68.59979221025975
15.18,,68.1584181012269
15.19,,67.76108625585282
15.200000000000001,,67.44590081127254
15.21,,67.18402365834726
15.22,,66.97480289569025
15.23,,66.83850202447869
15.24,,66.70607986431074
15.25,,66.44168183711784
15.26,,65.93077360362504
15.27,,65.1063748111137
15.280000000000001,,64.21232218626041
15.290000000000001,,64.31960228870243
15.3,,66.07963541179117
15.31,,68.35063077885563
15.32,690.0,69.98833189848055
15.33,645.0,70.95739033083251
15.34,639.0,71.56979768049025
15.35,632.0,72.12039961345953
15.36,612.0,72.9226554596469
15.370000000000001,589.0,74.14975703834378
15.38,575.0,75.50656406212568
15.39,563.0,76.52649151494917
15.4,551.0,77.07517306497051
15.41,544.0,77.33136543355074
15.42,545.0,77.52799022566478
15.43,550.0,77.7599040759257
15.44,547.0,77.9542512820875
15.450000000000001,539.0,77.95755249934011
15.46,530.0,77.64951101474465
15.47,516.0,77.07955393553254
15.48,510.0,76.51085424036707
15.49,514.0,76.11686341607457
15.5,515.0,75.679052553629
15.51,519.0,74.85501916068804
15.52,524.0,73.57314829861605
15.530000000000001,526.0,72.03102129673103
15.540000000000001,527.0,70.46061604060684
15.55,532.0,68.94787530996422
15.56,543.0,67.45317239943626
15.57,551.0,65.87791393152635
15.58,538.0,64.15398294827759
15.59,529.0,62.532582047195426
15.6,535.0,61.681391462297434
15.610000000000001,537.0,62.10752754982763
15.620000000000001,543.0,63.65933537165012
15.63,,65.71461457377103
15.64,345.0,67.61073828395483
15.65,403.0,68.99903942097092
15.66,391.0,69.8691752727577
15.67,328.0,70.38517189410082
15.68,317.0,70.7205035084468
15.69,313.0,70.96643119965724
15.700000000000001,311.0,71.17947364051093
15.71,310.0,71.42880496050266
15.72,305.0,71.7126169398294
15.73,300.0,71.95385108346194
15.74,299.0,72.16549908047563
15.75,295.0,72.4525014436127
15.76,292.0,72.80060357471889
15.77,297.0,73.06739553761827
15.780000000000001,304.0,73.19768410052293
15.790000000000001,314.0,73.24976904918088
15.8,328.0,73.20604376034885
15.81,345.0,72.9167297380322
15.82,368.0,72.268393929214
15.83,384.0,71.31144191302772
15.84,384.0,70.20441018810183
15.85,355.0,69.14574762954591
15.860000000000001,234.0,68.37123246890089
15.870000000000001,133.0,67.93309719247345
15.88,117.0,67.59587692543698
15.89,71.0,67.38634583010945
15.9,51.0,67.77382553475077
15.91,41.0,68.86956738716316
15.92,,70.19596673727311
15.93,,71.35762601062069
15.94,,72.28356930017114
15.950000000000001,32.0,73.05552740679691
15.96,17.0,73.72415293481804
15.97,-0.0,74.23566925570375
15.98,-13.0,74.49243973866493
15.99,-17.0,74.41804010051615
16.0,-15.0,74.01174004399216
16.01,-15.0,73.38735885984086
16.02,-8.0,72.67705372017711
16.03,2.0,71.91632191415815
16.04,8.0,71.14587242405155
16.05,25.0,70.5551309747691
16.06,46.0,70.35357282411823
16.07,55.0,70.57488829727878
16.080000000000002,57.0,71.06283308855463
16.09,51.0,71.55551628517875
16.1,38.0,71.83330520019678
16.11,23.0,71.8344122968131
16.12,11.0,71.66146221017047
16.13,6.0,71.45503298746013
16.14,-3.0,71.23659681517749
16.15,-9.0,70.86684720823584
16.16,-13.0,70.17584868148485
16.17,-19.0,69.22207016132316
16.18,-54.0,68.49240985517763
16.19,-88.0,68.59806844621363
16.2,-45.0,69.50818535106147
16.21,-4.0,70.54019341409237
16.22,0.0,71.19515473494056
16.23,-3.0,71.45666924249693
16.240000000000002,-4.0,71.54589661859026
16.25,-8.0,71.63159049504117
16.26,-12.0,71.67373062898314
16.27,-14.0,71.5513955468102
16.28,-18.0,71.28084903810972
16.29,-5.0,71.04430979292775
16.3,12.0,71.04821081305215
16.31,9.0,71.3543787689036
16.32,10.0,71.7862966366746
16.330000000000002,5.0,72.06268354930438
16.34,-8.0,72.05788402399692
16.35,-16.0,71.87059313887298
16.36,-22.0,71.67856597611082
16.37,-39.0,71.56724069373877
16.38,-54.0,71.46108827327384
16.39,-58.0,71.26893194065688
16.4,,71.10066321787522
16.41,,71.18274306236277
16.42,,71.53852173439795
16.43,,71.99358861366163
16.44,,72.49229959192513
16.45,,73.15025493948102
16.46,,74.00151512659204
16.47,,74.87521977610135
16.48,,75.54089474393501
16.490000000000002,,75.90388233547579
16.5,,76.09536962565268
16.51,175.0,76.28683024026195
16.52,196.0,76.48420800585718
16.53,204.0,76.62261005207961
16.54,206.0,76.71129206635543
16.55,209.0,76.76799513538339
16.56,212.0,76.74805598300044
16.57,213.0,76.59085640755495
16.580000000000002,216.0,76.30949161796924
16.59,221.0,76.05146668603898
16.6,224.0,75.97094294049586
16.61,224.0,75.99810122550157
16.62,227.0,75.90320633925525
16.63,234.0,75.57076829612801
16.64,243.0,75.0672089682212
16.65,254.0,74.57223220131155
16.66,258.0,74.34313938665993
16.67,258.0,74.51170116809573
16.68,256.0,74.83316960919676
16.69,253.0,74.91630621030876
16.7,248.0,74.59082064395527
16.71,244.0,73.90137056449294
16.72,235.0,72.95262875046724
16.73,226.0,71.89356733803814
16.740000000000002,225.0,71.12324205655916
16.75,216.0,71.34359640404449
16.76,208.0,72.70911418087049
16.77,203.0,74.39313121056067
16.78,193.0,75.66995088886898
16.79,193.0,76.4624850302628
16.8,194.0,76.96792862197717
16.81,197.0,77.31950977143298
16.82,209.0,77.52751637201246
16.830000000000002,221.0,77.56343410437057
16.84,235.0,77.4648692419758
16.85,250.0,77.38252586986202
16.86,260.0,77.47790487586308
16.87,262.0,77.7229947156749
16.88,266.0,77.93316017393396
16.89,267.0,78.00739350771491
16.9,265.0,77.95088252579157
16.91,265.0,77.72857258541708
16.92,267.0,77.31522473232825
16.93,266.0,76.83689088911481
16.94,262.0,76.4494314201578
16.95,258.0,76.11721926550304
16.96,251.0,75.69237128667248
16.97,230.0,75.19880690671398
16.98,200.0,74.90170413240499
16.990000000000002,182.0,74.93029779593853
17.0,174.0,74.94722045318059
17.01,179.0,74.51041811380043
17.02,189.0,73.56666691676459
17.03,,72.67515035410807
17.04,-343.0,72.68465573667794
17.05,,73.66847067776173
17.06,276.0,74.8636511543555
17.07,297.0,75.72314640574953
17.080000000000002,309.0,76.1247118660836
17.09,278.0,76.10124264856219
17.1,255.0,75.76424177903152
17.11,225.0,75.2653184132041
17.12,195.0,74.73990591288563
17.13,179.0,74.27663981394473
17.14,178.0,73.84893563960973
17.150000000000002,178.0,73.3138434505471
17.16,177.0,72.72242323602006
17.17,179.0,72.54523178003701
17.18,196.0,73.0648385705439
17.19,200.0,73.7763976292277
17.2,202.0,73.9344808155342
17.21,220.0,73.16975696960665
17.22,191.0,71.50310718029044
17.23,154.0,69.39846569737723
17.240000000000002,,67.75598984799339
17.25,,67.15151801088851
17.26,,67.23760622436687
17.27,,67.40141488247494
17.28,,67.29194240648522
17.29,,66.79422095196182
17.3,,66.16196977899611
17.31,,65.95810160087395
17.32,,66.42913203064997
17.330000000000002,,67.1571163295515
17.34,,67.57895352550511
17.35,,67.59796271889117
17.36,,67.85857972972047
17.37,,69.01959141658298
17.38,-53.0,70.68736298723039
17.39,-19.0,72.10190972280694
17.400000000000002,-28.0,73.06041318412346
17.41,-63.0,73.59370526635811
17.42,-71.0,73.63751221992273
17.43,-69.0,73.13463242831358
17.44,-62.0,72.19503979030682
17.45,-51.0,70.98134192530065
17.46,-82.0,69.50538573352893
17.47,-119.0,67.75264796016576
17.48,-187.0,65.99802904272887
17.490000000000002,-270.0,64.67004986977037
17.5,-315.0,63.75916110742499
17.51,-412.0,62.9333936740136
17.52,-406.0,62.18134542697286
17.53,-411.0,61.69276513772787
17.54,-458.0,61.42378715901703
17.55,-402.0,61.26735039981701
17.56,-391.0,61.37842576051754
17.57,-443.0,61.84187257963986
17.580000000000002,-436.0,62.35143533477441
17.59,-457.0,62.494827189971026
17.6,-477.0,62.43735875913696
17.61,-454.0,63.95970459892934
17.62,-347.0,68.0085293660118
17.63,-176.0,72.40177528498563
17.64,-46.0,75.37747134508011
17.650000000000002,-7.0,76.76753452617591
17.66,-17.0,76.7782339924499
17.67,-33.0,75.87477304475988
17.68,-14.0,74.81063521915956
17.69,-22.0,74.10051330355958
17.7,-34.0,73.5593621172893
17.71,-42.0,72.7838651562781
17.72,-51.0,71.6921591150198
17.73,-59.0,70.49647226251187
17.740000000000002,-62.0,69.57598374777798
17.75,-51.0,69.22576797582408
17.76,-24.0,69.38081996912152
17.77,-1.0,69.72206940931774
17.78,20.0,70.01478807843547
17.79,40.0,70.23928493247836
17.8,33.0,70.42985938981421
17.81,8.0,70.5366801671797
17.82,-22.0,70.5235090654331
17.830000000000002,-50.0,70.43842287456314
17.84,-66.0,70.30270761810023
17.85,-93.0,70.12938878529006
17.86,-112.0,70.0646578236319
17.87,-112.0,70.23761551596237
17.88,-96.0,70.54587936628002
17.89,-71.0,70.77631238982256
17.900000000000002,-44.0,70.78227023046578
17.91,-11.0,70.50699541923606
17.92,6.0,69.98323955910666
17.93,35.0,69.31975324989217
17.94,64.0,68.6633834083067
17.95,82.0,68.1657921524038
17.96,88.0,67.9593018819963
17.97,57.0,68.11765606611347
17.98,23.0,68.55046761936475
17.990000000000002,-33.0,68.98968658908483
18.0,-63.0,69.18545076772072
18.01,-64.0,69.11427043321248
18.02,-63.0,68.93325271495486
18.03,-55.0,68.75434377590241
18.04,-32.0,68.52827614266658
18.05,-6.0,68.15452334592332
18.06,4.0,67.58085910285617
18.07,10.0,66.8300322099722
18.080000000000002,7.0,66.0872504172294
18.09,1.0,65.62812332006803
18.1,-6.0,65.4837121199325
18.11,-7.0,65.38959417415624
18.12,-24.0,65.1515716793815
18.13,-80.0,64.81482010357742
18.14,-133.0,64.483324997388
18.150000000000002,-150.0,64.18529591401143
18.16,,63.90529475067466
18.17,,63.61941293458394
18.18,,63.29422141523901
18.19,,62.98464593894736
18.2,,62.92013785042112
18.21,10.0,63.24267763609131
18.22,36.0,63.70782928755853
18.23,37.0,63.969727621021626
18.240000000000002,25.0,63.96653166557122
18.25,10.0,63.80953810684433
18.26,-19.0,63.52599785807121
18.27,-11.0,63.00771173174492
18.28,-19.0,62.15583819022175
18.29,-29.0,60.98393680749734
18.3,-86.0,59.53864780355138
18.31,-155.0,57.77419401722926
18.32,,55.677259146160395
18.330000000000002,,53.66799787270196
18.34,,52.399672247596015
18.35,,52.013597216115045
18.36,,52.24499238758627
18.37,,52.88052459548883
18.38,,53.75142246958264
18.39,,54.735707445227135
18.400000000000002,,55.70004681556415
18.41,,56.464711948219495
18.42,,56.93206635772936
18.43,,57.176710106445015
18.44,,57.36111889418513
18.45,,57.59942580986961
18.46,,57.92117577814481
18.47,,58.26145582900382
18.48,,58.484071843319256
18.490000000000002,,58.51071551285442
18.5,,58.39512132216296
18.51,,58.197505153789
18.52,,57.87514006611898
18.53,,57.35891310046961
18.54,,56.61295264355093
18.55,,55.594848899533254
18.56,,54.2854012440974
18.57,,52.81656036879379
18.580000000000002,,52.078531599468974
18.59,,54.11393131022537
18.6,,58.84439206432879
18.61,,63.5211701830724
18.62,,66.90747699774583
18.63,,68.99846723300448
18.64,,69.99380921100861
18.650000000000002,,70.19399919675362
18.66,,70.04265225200085
18.67,,69.92844174754221
18.68,,69.9314333217577
18.69,,69.88648691346037
18.7,,69.65297398503976
18.71,,69.19997683334933
18.72,,68.66680381742385
18.73,,68.74697726105731
18.740000000000002,,70.41089736543722
18.75,,73.3326132373192
18.76,322.0,76.07875645635684
18.77,419.0,77.89051934487986
18.78,463.0,78.76785442279954
18.79,487.0,78.98156106529142
18.8,507.0,78.84552732958079
18.81,528.0,78.54705038996323
18.82,553.0,78.1916039378149
18.830000000000002,573.0,77.8842102895849
18.84,595.0,77.69664968153364
18.85,623.0,77.67305537868921
18.86,642.0,77.82608662137861
18.87,654.0,78.05190961491128
18.88,666.0,78.2104326227962
18.89,675.0,78.27435939713786
18.900000000000002,685.0,78.30755345044979
18.91,695.0,78.36074410534847
18.92,700.0,78.42883807385894
18.93,699.0,78.47737235201934
18.94,702.0,78.45524057592021
18.95,707.0,78.29518811376458
18.96,711.0,77.97978517400101
18.97,720.0,77.63580728119456
18.98,739.0,77.47140191244465
18.990000000000002,780.0,77.49873971037485
19.0,848.0,77.38977378391041
19.01,904.0,76.7030662757361
19.02,921.0,75.16515607637521
19.03,919.0,72.90472886028485
19.04,929.0,70.66047488139071
19.05,943.0,69.23663876049326
19.06,951.0,68.44015846461899
19.07,941.0,67.41476826814981
19.080000000000002,907.0,65.98272415815954
19.09,905.0,65.28690809539074
19.1,932.0,66.38240020955065
19.11,,68.57936502247107
19.12,333.0,70.93506137216487
19.13,380.0,73.19135680498268
19.14,475.0,75.12497963383136
19.150000000000002,481.0,76.61959958664679
19.16,,77.75427468054947
19.17,,78.56278870245676
19.18,534.0,78.96443858467163
19.19,544.0,78.96036830845162
19.2,538.0,78.76760677466976
19.21,544.0,78.68678356440068
19.22,551.0,78.81359338717411
19.23,558.0,78.96346870501809
19.240000000000002,564.0,78.87497666206882
19.25,573.0,78.45147325092498
19.26,585.0,77.9054595741977
19.27,594.0,77.6155242852456
19.28,602.0,77.70658510452442
19.29,618.0,77.95843213478608
19.3,631.0,78.13833006647185
19.31,638.0,78.17635476112446
19.32,649.0,78.12190757158731
19.330000000000002,654.0,78.04057125373791
19.34,666.0,77.94099457064148
19.35,681.0,77.82821760758247
19.36,681.0,77.69685342976321
19.37,676.0,77.47022086065172
19.38,679.0,77.16832197607253
19.39,692.0,77.03521659620917
19.400000000000002,695.0,77.20883078277116
19.41,702.0,77.44424129745866
19.42,710.0,77.45535913340906
19.43,714.0,77.32499018692636
19.44,718.0,77.39891538654476
19.45,712.0,77.75315591158119
19.46,703.0,78.01843651226707
19.47,693.0,77.89323071498515
19.48,688.0,77.51857071158183
19.490000000000002,686.0,77.28445748450157
19.5,686.0,77.37101655723704
19.51,687.0,77.62468189513767
19.52,686.0,77.8622356348564
19.53,686.0,78.02977406407823
19.54,691.0,78.1509939692472
19.55,699.0,78.22351316297915
19.56,704.0,78.13213921011705
19.57,706.0,77.7286890170231
19.580000000000002,707.0,77.05898885200003
19.59,711.0,76.48957223132811
19.6,714.0,76.42690878053806
19.61,719.0,76.82855746748409
19.62,723.0,77.25056957220761
19.63,723.0,77.34621710518805
19.64,723.0,77.10966874883327
19.650000000000002,719.0,76.85748890466395
19.66,712.0,76.9577351237724
19.67,709.0,77.3725264209337
19.68,707.0,77.6777711123163
19.69,701.0,77.61404577142486
19.7,693.0,77.43170203380109
19.71,686.0,77.60576904252751
19.72,683.0,78.0993669814003
19.73,682.0,78.31730584761584
19.740000000000002,679.0,77.82289777349756
19.75,674.0,76.66755249342842
19.76,679.0,75.39420827462146
19.77,711.0,74.82961408549039
19.78,668.0,75.30678958010367
19.79,580.0,76.22398636305552
19.8,597.0,76.86668006869463
19.81,612.0,77.1468660161686
19.82,584.0,77.34185612730353
19.830000000000002,560.0,77.62925178445668
19.84,565.0,77.95512722904033
19.85,575.0,78.14542902398739
19.86,576.0,78.06078130239307
19.87,580.0,77.71761671324937
19.88,578.0,77.3067706753186
19.89,529.0,77.21570135701121
19.900000000000002,564.0,77.78079943929649
19.91,628.0,78.76122591990345
19.92,566.0,79.55043418748244
19.93,560.0,79.8554343883215
19.94,555.0,79.72126192182681
19.95,544.0,79.22862490619292
19.96,531.0,78.49809744162788
19.97,521.0,77.88377125289034
19.98,519.0,77.70381534573883
19.990000000000002,515.0,77.76408291486153
20.0,512.0,77.70442764169394
20.01,510.0,77.59389968780383
20.02,501.0,77.71513338309173
20.03,483.0,78.03032508536752
20.04,456.0,78.24705415283145
20.05,412.0,78.24086943323752
20.06,380.0,78.05324794972135
20.07,370.0,77.69148463361495
20.080000000000002,375.0,77.18643090824007
20.09,382.0,76.66018904471245
20.1,367.0,76.13407481024939
20.11,335.0,75.47671978672311
20.12,306.0,74.63640575392536
20.13,249.0,73.73085795894379
20.14,177.0,72.95056270261807
20.150000000000002,111.0,72.44439723663059
20.16,45.0,72.14848301096173
20.17,11.0,71.87282574604858
20.18,-5.0,71.57772645563543
20.19,-18.0,71.36113772289984
20.2,-27.0,71.27861313009844
20.21,-38.0,71.33683903103467
20.22,-47.0,71.52368692748855
20.23,-28.0,71.76533161203645
20.240000000000002,-14.0,71.96094725690831
20.25,-10.0,72.05620479745272
20.26,-8.0,72.07277663197672
20.27,-10.0,72.10493515005167
20.28,-8.0,72.245405068748
20.29,-8.0,72.44525798175819
20.3,-9.0,72.52707417831385
20.31,-11.0,72.39896426715212
20.32,-10.0,72.17686419810578
20.330000000000002,-9.0,72.05153743119644
20.34,-22.0,72.08238279861389
20.35,-26.0,72.17814653487714
20.36,-18.0,72.24830502838675
20.37,-9.0,72.27814672335379
20.38,-2.0,72.27698414123323
20.39,-5.0,72.24229120308533
20.400000000000002,-25.0,72.19701261663106
20.41,-41.0,72.1995199139319
20.42,-39.0,72.27571401188945
20.43,-35.0,72.35374226350766
20.44,-24.0,72.29826294877657
20.45,-13.0,72.06156191224638
20.46,15.0,71.80547491249624
20.47,45.0,71.763879257718
20.48,63.0,71.94856457604597
20.490000000000002,72.0,72.15768225073188
20.5,70.0,72.27631284637192
20.51,60.0,72.37633122764329
20.52,45.0,72.51810731772147
20.53,23.0,72.59163011775253
20.54,-2.0,72.42024805802721
20.55,-42.0,71.98576881663608
20.56,-89.0,71.48802503281792
20.57,-111.0,71.14532858145262
20.580000000000002,-113.0,71.00457229519199
20.59,-99.0,71.02843634222002
20.6,-70.0,71.2102204795999
20.61,-40.0,71.49592980102138
20.62,-9.0,71.70774569442034
20.63,6.0,71.61838841754819
20.64,7.0,71.09716309895768
20.650000000000002,-8.0,70.19844470286262
20.66,-41.0,69.10199264372974
20.67,-111.0,68.00322350765092
20.68,-209.0,67.20596233013049
20.69,-205.0,67.19675566528983
20.7,-141.0,68.13940574892703
20.71,-82.0,69.535774906682
20.72,-17.0,70.85967200418037
20.73,-15.0,72.03947404085726
20.740000000000002,-21.0,73.18265697830236
20.75,-21.0,74.1690641212241
20.76,-23.0,74.65552480805053
20.77,-18.0,74.34644877298254
20.78,-8.0,73.152334885064
20.79,-57.0,71.25457093375589
20.8,-121.0,69.34591323832305
20.81,-121.0,68.49014289402095
20.82,-88.0,69.2629012137843
20.830000000000002,-27.0,71.38598604384848
20.84,21.0,73.9542153911821
20.85,64.0,75.89802452031523
20.86,78.0,76.6138720945187
20.87,65.0,75.95373234752245
20.88,31.0,74.0320447550065
20.89,14.0,71.44625624921157
20.900000000000002,,69.31179241022684
20.91,1563.0,68.22462444970547
20.92,1611.0,67.73187195349458
20.93,1606.0,67.27564147741508
20.94,1573.0,66.97879747288444
20.95,,67.73277504313876
20.96,,69.7382822676237
20.97,371.0,71.92321443105651
20.98,428.0,73.6506239776012
20.990000000000002,522.0,75.05072680556404
21.0,589.0,76.23330037312974
21.01,533.0,77.01918447192222
21.02,491.0,77.18942617575411
21.03,496.0,76.73093970698613
21.04,514.0,75.77275055767649
21.05,544.0,74.42177640692445
21.06,565.0,72.6202563929883
21.07,547.0,70.17740060802144
21.080000000000002,500.0,67.34034229501994
21.09,483.0,66.04058258652995
21.1,509.0,67.99715824679589
21.11,573.0,71.5780836194385
21.12,627.0,74.57136717761507
21.13,653.0,76.55525367295914
21.14,664.0,77.66349848624996
21.150000000000002,669.0,78.09996508797188
21.16,670.0,78.0634920871556
21.17,667.0,77.71963181308752
21.18,665.0,77.2491143694017
21.19,666.0,76.84406703073722
21.2,669.0,76.59168154169456
21.21,673.0,76.43131473311563
21.22,676.0,76.31293383651965
21.23,679.0,76.31919009832299
21.240000000000002,680.0,76.58921006464585
21.25,676.0,77.13559410248914
21.26,678.0,77.76034262128664
21.27,683.0,78.17111248853699
21.28,686.0,78.17117713372224
21.29,685.0,77.79348995945435
21.3,672.0,77.33856176507993
21.31,671.0,77.11581117433012
21.32,672.0,77.10563431489473
21.330000000000002,669.0,77.11304643358609
21.34,668.0,77.10740412349463
21.35,671.0,77.171188048636
21.36,670.0,77.32549467435689
21.37,671.0,77.51149784515187
21.38,677.0,77.633322917908
21.39,688.0,77.64045625368355
21.400000000000002,688.0,77.61727516219247
21.41,678.0,77.71138598518176
21.42,678.0,77.94870473284304
21.43,686.0,78.22017724612411
21.44,695.0,78.40393170780314
21.45,701.0,78.36978918767203
21.46,700.0,77.90753034811037
21.47,681.0,76.75035740545019
21.48,657.0,74.68369785787803
21.490000000000002,661.0,71.74375565782795
21.5,668.0,68.49146777523917
21.51,667.0,65.83995831077576
21.52,668.0,64.0578088231107
21.53,671.0,62.67139200531811
21.54,667.0,61.54137183451018
21.55,665.0,60.88892904026765
21.56,664.0,60.942598907748774
21.57,659.0,62.371390528583916
21.580000000000002,656.0,65.67503719910216
21.59,667.0,69.69028592590527
21.6,598.0,72.93772041447252
21.61,497.0,75.1487067455196
21.62,517.0,76.59655527811265
21.63,543.0,77.50476616704069
21.64,551.0,77.93168826302703
21.650000000000002,533.0,77.91068502715147
21.66,500.0,77.65123853158302
21.67,484.0,77.45326661831764
21.68,478.0,77.41366810970862
21.69,487.0,77.32206881672609
21.7,499.0,76.91949662567143
21.71,505.0,76.1436169259284
21.72,524.0,75.07925437475134
21.73,540.0,73.73277359704682
21.740000000000002,535.0,72.04597465522286
21.75,527.0,70.20632509280372
21.76,519.0,68.73486516932374
21.77,,67.93841760683024
21.78,,67.58358480523194
21.79,,67.43450652246725
21.8,,67.4350586906572
21.81,,67.39705595310322
21.82,,67.07302730627268
21.830000000000002,,66.49855834229105
21.84,,65.92132472542754
21.85,,65.46746141781324
21.86,,65.17973479120595
21.87,,65.61208125369049
21.88,,67.68565740968104
21.89,,71.04358105671344
21.900000000000002,260.0,74.2571620548435
21.91,273.0,76.58673161091943
21.92,259.0,77.86932752086783
21.93,239.0,78.13327232736057
21.94,230.0,77.62997497086619
21.95,242.0,76.85332779509449
21.96,249.0,76.3125437488405
21.97,258.0,76.1473072662376
21.98,270.0,76.15877787400616
21.990000000000002,274.0,76.15423734496876
22.0,279.0,76.09077916735117
22.01,293.0,76.03423148363021
22.02,303.0,76.02439900622052
22.03,313.0,76.00093446170418
22.04,320.0,75.91491274852112
22.05,325.0,75.85533551776417
22.06,329.0,75.96733161050764
22.07,329.0,76.24275489455259
22.080000000000002,327.0,76.46414014997461
22.09,319.0,76.32111696134918
22.1,311.0,75.50865880721264
22.11,306.0,73.7607646833685
22.12,312.0,70.9583737918651
22.13,319.0,67.44827828645838
22.14,305.0,64.43543831074747
22.150000000000002,304.0,62.843836759627564
22.16,301.0,62.18513698183773
22.17,285.0,62.495534543163856
22.18,,64.53044168465685
22.19,,67.52308176577601
22.2,-35.0,70.09980254339213
22.21,-3.0,71.89710250083571
22.22,-8.0,73.07731874106733
22.23,-8.0,73.94995612206048
22.240000000000002,-7.0,74.70953750786683
22.25,-12.0,75.31931405483539
22.26,-18.0,75.64825734075343
22.27,-24.0,75.66549219506211
22.28,-27.0,75.47893639645005
22.29,-34.0,75.2049639213193
22.3,-42.0,74.87689064238792
22.31,-46.0,74.48305059444961
22.32,-42.0,74.02664853261079
22.330000000000002,-28.0,73.53688214960738
22.34,-1.0,73.04462161661392
22.35,17.0,72.59460392558461
22.36,7.0,72.30203271509167
22.37,25.0,72.28912871210558
22.38,71.0,72.5224867612889
22.39,105.0,72.82169894665428
22.400000000000002,105.0,73.0452831226933
22.41,89.0,73.14428264447903
22.42,81.0,73.0867128579957
22.43,61.0,72.87111357329695
22.44,8.0,72.62922708492418
22.45,-34.0,72.55685235012747
22.46,-46.0,72.65960831828475
22.47,-63.0,72.72747277273302
22.48,-65.0,72.59354522148075
22.490000000000002,-47.0,72.27902662406721
22.5,-24.0,71.88303638075176
22.51,-8.0,71.43179956842062
22.52,4.0,70.93135822067437
22.53,29.0,70.5494897824146
22.54,101.0,70.55375298908854
22.55,134.0,70.96733810866176
22.56,81.0,71.46597381384044
22.57,76.0,71.67108731643117
22.580000000000002,49.0,71.46715920052881
22.59,2.0,71.08058341584182
22.6,-7.0,70.79566398657033
22.61,-34.0,70.57170866570577
22.62,-49.0,70.17988928693987
22.63,-56.0,69.569473954508
22.64,-67.0,68.84215388728823
22.650000000000002,-42.0,68.07712296993091
22.66,-15.0,67.31201574702197
22.67,-23.0,66.60486853820143
22.68,-22.0,65.9855790940449
22.69,-9.0,65.3954338693641
22.7,6.0,64.77618901664565
22.71,27.0,64.25473773378634
22.72,35.0,64.1151409316797
22.73,35.0,64.41034810413528
22.740000000000002,-17.0,64.82982983659383
22.75,-72.0,65.02407980994434
22.76,-64.0,64.8187601627343
22.77,-95.0,64.25215662923843
22.78,-129.0,63.700929846703914
22.79,-104.0,63.65467081850527
22.8,-70.0,64.0097945744305
22.81,-44.0,64.12638075686029
22.82,-14.0,63.584598547995114
22.830000000000002,-48.0,62.399851441672155
22.84,-90.0,60.90214722356648
22.85,-75.0,59.536441719422264
22.86,-64.0,58.43788820959179
22.87,-60.0,57.33921902141474
22.88,,56.085492926121226
22.89,,54.903523397825545
22.900000000000002,,54.13789869747209
22.91,,53.93069696854129
22.92,,54.25896109250614
22.93,,54.96360898609833
22.94,,55.73247611467936
22.95,,56.340539986134864
22.96,,56.81267074168539
22.97,,57.258726970683945
22.98,,57.688558739096166
22.990000000000002,,58.034493966305575
23.0,,58.30116477918491
23.01,,58.5855371367305
23.02,,58.95497082981813
23.03,,59.343440777842844
23.04,,59.60094222233559
23.05,,59.67112343583959
23.06,,59.625101463006146
23.07,,59.496175474541666
23.080000000000002,,59.21204038237379
23.09,,58.749880554907946
23.1,,58.25458687117765
23.11,,57.96148332824951
23.12,,57.957983199224856
23.13,200.0,57.99681410248852
23.14,63.0,57.6474824305439
23.150000000000002,-199.0,56.636612891035746
23.16,-314.0,54.99865523788379
23.17,,53.1228812395166
23.18,,51.70996163602765
23.19,,51.672397504742094
23.2,,53.397132131985344
23.21,,55.96290864939823
23.22,,58.34785339382116
23.23,,60.61159347464929
23.240000000000002,,63.698526996663155
23.25,,68.15780176769766
23.26,,72.85753554913185
23.27,-483.0,76.50903846216039
23.28,,78.87537587743577
23.29,249.0,80.11605828093784
23.3,320.0,80.49594224337346
23.31,393.0,80.23370656971282
23.32,441.0,79.44498540548891
23.330000000000002,487.0,78.18367398723282
23.34,519.0,76.58445682656894
23.35,550.0,75.0074223234765
23.36,575.0,73.99737412418621
23.37,594.0,73.82652877398611
23.38,607.0,74.23571100751604
23.39,615.0,74.81009082070916
23.400000000000002,620.0,75.3086186864411
23.41,628.0,75.65442120549946
23.42,636.0,75.89923488743102
23.43,640.0,76.13142472365509
23.44,647.0,76.39103744013401
23.45,657.0,76.6793247885018
23.46,661.0,76.93967206452926
23.47,668.0,77.06380946107913
23.48,678.0,77.02338352663492
23.490000000000002,682.0,76.8713468538178
23.5,687.0,76.58309955485507
23.51,693.0,76.05030601299552
23.52,695.0,75.21136585706333
23.53,708.0,74.04905450527107
23.54,725.0,72.470705395374
23.55,744.0,70.32475454519206
23.56,790.0,67.63740971945262
23.57,763.0,64.84848765056381
23.580000000000002,686.0,62.696060198932216
23.59,689.0,61.514093488331476
23.6,675.0,61.061723914180924
23.61,656.0,61.221217556902246
23.62,692.0,62.034710672369094
23.63,715.0,63.1721035956148
23.64,690.0,64.13937389754948
23.650000000000002,733.0,64.96363898910681
23.66,819.0,66.13632428995493
23.67,,67.95752848519616
23.68,679.0,70.20834832824625
23.69,712.0,72.43831602193045
23.7,718.0,74.46347601487996
23.71,701.0,76.41196442256069
23.72,863.0,78.17781337625595
23.73,995.0,79.3432394071685
23.740000000000002,911.0,79.6387046249869
23.75,904.0,79.2168746289594
23.76,908.0,78.58410182219282
23.77,909.0,78.21501143124834
23.78,910.0,78.15171199638802
23.79,916.0,78.12556307096004
23.8,926.0,77.98469404825951
23.81,937.0,77.89081525974252
23.82,940.0,78.12754347777538
23.830000000000002,937.0,78.72078993414338
23.84,939.0,79.38242487563315
23.85,945.0,79.78983226394392
23.86,951.0,79.74296433080202
23.87,960.0,79.21979588189572
23.88,969.0,78.49795733185084
23.89,973.0,78.08943360589612
23.900000000000002,978.0,78.21620625261407
23.91,974.0,78.53863370143388
23.92,961.0,78.62799645181997
23.93,945.0,78.34985988322444
23.94,920.0,77.7992061565979
23.95,880.0,77.02437060735656
23.96,813.0,75.87265840180588
23.97,730.0,74.22104510984563
23.98,797.0,72.32149484193422
23.990000000000002,930.0,70.71820256853184
24.0,915.0,69.73545187289304
24.01,905.0,69.31986272147903
24.02,924.0,69.27476686041422
24.03,917.0,69.37976822332361
24.04,772.0,69.5522745377613
24.05,570.0,69.82959117869143
24.060000000000002,560.0,70.16841869908316
24.07,555.0,70.47726846197638
24.080000000000002,551.0,70.70946671751851
24.09,539.0,70.83422230210414
24.1,516.0,70.88488312073424
24.11,483.0,70.9419400777781
24.12,405.0,71.00003459343958
24.13,300.0,71.22547871622498
24.14,283.0,72.07357925645351
24.150000000000002,420.0,73.4531044586731
24.16,542.0,74.63534344945539
24.17,529.0,75.27886879016047
24.18,520.0,75.57592233633838
24.19,525.0,75.75932213865823
24.2,525.0,75.88129395929563
24.21,530.0,75.93171141953954
24.22,537.0,75.89621421438073
24.23,548.0,75.72692620230953
24.240000000000002,562.0,75.45034662158336
24.25,574.0,75.20447342843995
24.26,585.0,75.07871207910318
24.27,596.0,75.0701958521337
24.28,612.0,75.17519650467842
24.29,620.0,75.34277834965671
24.3,620.0,75.42630134272352
24.310000000000002,614.0,75.32058093854542
24.32,602.0,75.08549996252717
24.330000000000002,583.0,74.87800014344178
24.34,560.0,74.80896568829381
24.35,541.0,74.88902945018302
24.36,528.0,75.05330847876179
24.37,516.0,75.18630870531385
24.38,499.0,75.15138604649654
24.39,484.0,74.86558647753927
24.400000000000002,474.0,74.41275372275275
24.41,480.0,74.04151831850136
24.42,507.0,73.93426778246561
24.43,542.0,74.06430994057659
24.44,570.0,74.3924691773722
24.45,601.0,74.96007179383767
24.46,618.0,75.65826781962458
24.47,617.0,76.17782607134116
24.48,608.0,76.29077376965859
24.490000000000002,577.0,76.05874554401247
24.5,542.0,75.76597056291577
24.51,520.0,75.60381787794591
24.52,511.0,75.44574605152873
24.53,519.0,75.05406742489404
24.54,531.0,74.40241837728168
24.55,545.0,73.7171464405238
24.560000000000002,564.0,73.15955360543073
24.57,568.0,72.51166398544147
24.580000000000002,553.0,71.44618701905878
24.59,546.0,70.11326164573688
24.6,,69.17036469939147
24.61,,68.8967450732915
24.62,,68.84349874775143
24.63,,68.63182612693463
24.64,,68.22856252557568
24.650000000000002,,67.65457996744566
24.66,,66.8816327292649
24.67,,65.87301647336739
24.68,,64.60314366925107
24.69,,63.082393177444224
24.7,,61.43112453016413
24.71,,60.36867443790405
24.72,,61.69719865406509
24.73,,65.49674226623962
24.740000000000002,,69.30766006920065
24.75,323.0,71.90685940369937
24.76,323.0,73.36524674034818
24.77,307.0,74.00428847236812
24.78,276.0,74.18393912626145
24.79,256.0,74.139575154539
24.8,243.0,73.9671355101476
24.810000000000002,233.0,73.81656975410343
24.82,237.0,73.9043310959768
24.830000000000002,237.0,74.24349762394718
24.84,235.0,74.59605107397381
24.85,238.0,74.75567157021972
24.86,241.0,74.73668647715077
24.87,245.0,74.72684907771506
24.88,246.0,74.90811981877853
24.89,248.0,75.29960702463437
24.900000000000002,252.0,75.758358708875
24.91,262.0,76.11311887917809
24.92,266.0,76.26624962327851
24.93,266.0,76.18525297828225
24.94,269.0,75.89194756032916
24.95,274.0,75.47319072596325
24.96,279.0,75.0025002118748
24.97,286.0,74.46405579979847
24.98,302.0,73.83209170210459
24.990000000000002,310.0,73.15906973576983
25.0,303.0,72.5948324805299
25.01,309.0,72.42441039363402
25.02,314.0,72.85215089698276
25.03,308.0,73.66638947119887
25.04,281.0,74.48393792269576
25.05,235.0,75.1572176529165
25.060000000000002,178.0,75.71980044818716
25.07,123.0,76.19758715448401
25.080000000000002,86.0,76.53203881093084
25.09,69.0,76.61273704500955
25.1,60.0,76.37512911519002
25.11,52.0,75.92529488765759
25.12,43.0,75.5109585155868
25.13,36.0,75.26354134051442
25.14,25.0,75.09515188676325
25.150000000000002,10.0,74.91828153980664
25.16,5.0,74.73983964788997
25.17,4.0,74.57311615668519
25.18,5.0,74.42133915237913
25.19,2.0,74.22385582774875
25.2,2.0,73.77612847157869
25.21,-35.0,72.81668812489772
25.22,-84.0,71.16873469777937
25.23,-193.0,68.78497825470447
25.240000000000002,-341.0,65.76874438749823
25.25,,62.510908741774394
25.26,75.0,59.810010388680574
25.27,170.0,58.305551614543
25.28,200.0,58.28330752385812
25.29,,60.50151200817014
25.3,,64.59795872910128
25.310000000000002,,68.62410274422358
25.32,-84.0,71.66522518373088
25.330000000000002,-24.0,73.75128545062205
25.34,-9.0,75.09544179392562
25.35,-12.0,75.9164580008667
25.36,-9.0,76.36074898314675
25.37,-4.0,76.47158802488295
25.38,-4.0,76.24995635727112
25.39,-4.0,75.73792598488944
25.400000000000002,-3.0,74.98990724314945
25.41,3.0,73.96305460690918
25.42,13.0,72.53140826623776
25.43,11.0,70.67486181010992
25.44,-10.0,68.61505026800505
25.45,-33.0,66.60750648572014
25.46,-27.0,64.55865585166714
25.47,1.0,62.16100159128384
25.48,,59.582129206637845
25.490000000000002,,57.70057622868027
25.5,,56.98639738616305
25.51,,56.79808168026206
25.52,,56.45277463116318
25.53,,55.81761450077503
25.54,,55.10017867778442
25.55,,54.8238488406656
25.560000000000002,,55.93135297189448
25.57,,59.09255472587202
25.580000000000002,,63.426569584055606
25.59,-43.0,67.37380609973178
25.6,28.0,70.29922204113302
25.61,108.0,72.20690452305945
25.62,165.0,73.32517595443724
25.63,197.0,73.97145996753568
25.64,210.0,74.40290085593159
25.650000000000002,208.0,74.69985106227065
25.66,205.0,74.8384082324692
25.67,215.0,74.84560831639988
25.68,226.0,74.81216997868381
25.69,234.0,74.78232189590858
25.7,224.0,74.72178401632269
25.71,218.0,74.63444369927967
25.72,234.0,74.63113196421506
25.73,236.0,74.77481802837741
25.740000000000002,233.0,74.9342222780619
25.75,232.0,74.93189238292005
25.76,217.0,74.74703213590053
25.77,214.0,74.50013383509699
25.78,221.0,74.34526807242827
25.79,218.0,74.37042164155332
25.8,223.0,74.49267764166042
25.810000000000002,223.0,74.4741303746892
25.82,203.0,74.07662420757902
25.830000000000002,122.0,73.18386940037529
25.84,42.0,71.87259167214661
25.85,15.0,70.44504824636054
25.86,4.0,69.29048091119448
25.87,42.0,68.7660551897292
25.88,77.0,69.31238447393807
25.89,152.0,70.99726533100738
25.900000000000002,236.0,73.12961723600702
25.91,289.0,75.03950749383915
25.92,292.0,76.49720888935902
25.93,278.0,77.46994722228821
25.94,269.0,78.00195532294612
25.95,267.0,78.18056058399078
25.96,266.0,78.06527939235485
25.97,263.0,77.61360461200083
25.98,264.0,76.75229945930262
25.990000000000002,256.0,75.76899422534066
26.0,255.0,75.53081871392074
26.01,285.0,76.3235831174002
26.02,307.0,77.21212398582148
26.03,310.0,77.47380897840938
26.04,318.0,77.23164083153426
26.05,323.0,76.94116419782848
26.060000000000002,319.0,76.88720232167745
26.07,318.0,76.98271544452432
26.080000000000002,303.0,76.99801293439953
26.09,284.0,76.84060084858622
26.1,270.0,76.60865957956942
26.11,260.0,76.4604520833356
26.12,249.0,76.47714830784324
26.13,232.0,76.64275142225519
26.14,212.0,76.90060366258493
26.150000000000002,202.0,77.19329544145876
26.16,208.0,77.41984963606953
26.17,221.0,77.42921294005221
26.18,242.0,77.16933150266722
26.19,278.0,76.80604700932997
26.2,311.0,76.5866718503751
26.21,324.0,76.56785599180786
26.22,327.0,76.6005309343568
26.23,330.0,76.56892330521013
26.240000000000002,318.0,76.4994777508956
26.25,298.0,76.47341824403321
26.26,276.0,76.4974412229028
26.27,255.0,76.464394626217
26.28,246.0,76.30035009121636
26.29,234.0,76.1265642858881
26.3,227.0,76.09755318113224
26.310000000000002,230.0,76.08749888092726
26.32,233.0,75.78013293359167
26.330000000000002,230.0,75.0616671555649
26.34,234.0,74.22450791000253
26.35,244.0,73.7933962502946
26.36,249.0,73.99565768336413
26.37,241.0,74.47535065433675
26.38,223.0,74.63931457126738
26.39,188.0,74.041907698849
26.400000000000002,189.0,72.45698239136233
26.41,230.0,69.90365318769942
26.42,251.0,67.04108618256899
26.43,256.0,65.49684433603889
26.44,,66.05299890528805
26.45,,67.57513332306702
26.46,,69.12412993016378
26.47,-4.0,70.53351500597823
26.48,-22.0,71.71617574423172
26.490000000000002,17.0,72.57563126506331
26.5,8.0,73.08615439959483
26.51,-25.0,73.29822790971691
26.52,-17.0,73.28633816602107
26.53,-11.0,73.06452888681503
26.54,-6.0,72.5938960055235
26.55,8.0,71.87459897354701
26.560000000000002,13.0,70.93859987574182
26.57,6.0,69.80090646618274
26.580000000000002,-85.0,68.57244984642698
26.59,-190.0,67.56633827594469
26.6,-206.0,67.00547929166832
26.61,-243.0,66.67324619715112
26.62,-252.0,66.23433331806827
26.63,-263.0,65.69194505985473
26.64,-270.0,65.25190222364843
26.650000000000002,-365.0,64.9723944039263
26.66,-467.0,64.71868603210447
26.67,-443.0,64.35343422471638
26.68,-442.0,63.85135046645506
26.69,-442.0,63.29084843163004
26.7,-464.0,62.82958978872891
26.71,-477.0,62.88894403418108
26.72,,64.15086567403885
26.73,,66.58620497276982
26.740000000000002,-133.0,69.19861996206858
26.75,-65.0,71.23648371102838
26.76,-22.0,72.57978219755749
26.77,-13.0,73.38451250272196
26.78,-14.0,73.86986201329051
26.79,-18.0,74.19222927960489
26.8,-24.0,74.38202685235132
26.810000000000002,-35.0,74.40976253080436
26.82,-49.0,74.28438432017674
26.830000000000002,-52.0,74.04061714374033
26.84,-49.0,73.70575560357244
26.85,-44.0,73.34869063369554
26.86,,73.09087067743388
26.87,,72.98838799330554
26.88,,72.97837495253975
26.89,,72.97826887845524
26.900000000000002,,72.95880008300814
26.91,,72.93314690176034
26.92,,72.96081854649374
26.93,,73.15916358098171
26.94,,73.58640901902183
26.95,,74.1049909138965
26.96,,74.46823273350002
26.97,,74.50595632764977
26.98,,74.21835950916183
26.990000000000002,,73.82046151640101
27.0,,73.64543313569679
27.01,,73.76373460543141
27.02,,73.84622771046564
27.03,,73.59091331369895
27.04,,73.06744554687162
27.05,,72.65868930374133
27.060000000000002,,72.72937953170754
27.07,,73.27134534365915
27.080000000000002,,73.93678075170811
27.09,,74.36579789908895
27.1,,74.39889309731842
27.11,,74.08887786929327
27.12,,73.61057417983403
27.13,,73.12202063524084
27.14,,72.66204027065946
27.150000000000002,,72.17582914230427
27.16,,71.61274487319294
27.17,,70.93614560963286
27.18,,70.06717759093182
27.19,,68.97420316159051
27.2,,67.89562639539089
27.21,,67.3073384881676
27.22,,67.4049998500675
27.23,,67.84536777994076
27.240000000000002,,68.1877448511946
27.25,,68.24416887579507
27.26,,68.08697200202865
27.27,,67.87903450323608
27.28,,67.647738292489
27.29,,67.31293154388229
27.3,,66.92940341712652
27.310000000000002,,66.65397343949968
27.32,,66.47099979336544
27.330000000000002,,66.22621177500186
27.34,,65.90268862143864
27.35,,65.66103632417072
27.36,,65.6512503046335
27.37,,65.88700019933366
27.38,,66.28109077261333
27.39,,66.68596045453592
27.400000000000002,,66.86580242635974
27.41,,66.54631554436753
27.42,,65.56584050929088
27.43,,64.01533462560975
27.44,,62.3362199491655
27.45,,61.117391888934556
27.46,,60.44421087257364
27.47,,59.71174778217027
27.48,,58.263017453313
27.490000000000002,,55.8804069756507
27.5,,53.2012958046986
27.51,,51.74872156259336
27.52,,52.05399351071597
27.53,,53.08118934219609
27.54,,54.14812492423928
27.55,,55.149791155278294
27.560000000000002,,56.04754261485221
27.57,,56.77068893910852
27.580000000000002,,57.2440430273362
27.59,,57.48724526449505
27.6,,57.650590097978366
27.61,,57.88611229924652
27.62,,58.171884712791815
27.63,,58.35497203484278
27.64,,58.353825169899224
27.650000000000002,,58.233303006506844
27.66,,58.07778172116131
27.67,,57.83751920264582
27.68,,57.391641665994115
27.69,,56.72697935452812
27.7,,55.90651446222211
27.71,,54.92347439822815
27.72,,53.75278852069974
27.73,,52.514259317557986
27.740000000000002,,51.43926005383384
27.75,,50.697576377574
27.76,,50.35407879870985
27.77,,50.30936675986368
27.78,,50.251300480213835
27.79,,50.17207229352047
27.8,,0.0
27.810000000000002,,0.0
27.82,,0.0
27.830000000000002,,0.0
27.84,,0.0
27.85,,0.0
